Workbook

Sheet 001_population_health_zone_zs
A1: Province | B1: Code Province | C1: Territoire | D1: Code Terrtoire | E1: Zone de sante | F1: Pcode ZS | G1: Population 2024 | H1: Homme | I1: Homme | J1: Homme | K1: Homme | L1: Homme | M1: Homme | N1: Homme | O1: Homme | P1: Homme | Q1: Homme | R1: Homme | S1: Homme | T1: Homme | U1: Homme | V1: Homme | W1: Homme | X1: Homme | Y1: Homme | Z1: Homme | AA1: Homme | AB1: Homme | AD1: Femme | AE1: Femme | AF1: Femme | AG1: Femme | AH1: Femme | AI1: Femme | AJ1: Femme | AK1: Femme | AL1: Femme | AM1: Femme | AN1: Femme | AO1: Femme | AP1: Femme | AQ1: Femme | AR1: Femme | AS1: Femme | AT1: Femme | AU1: Femme | AV1: Femme | AW1: Femme | AX1: Femme | BA1: Population 2023 | BB1: Femme | BC1: Ratio | BD1: Homme
A2: Kinshasa | B2: CD10 | C2: Kinshasa | D2: CD1000 | E2: Bandalungwa | F2: CD1000ZS01 | G2: 337289 | H2: =INDEX([1]ratio_ins!F:F,MATCH('001_population_health_zone_zs'!$B$2,[1]ratio_ins!$B:$B,0))*$G2*INDEX([1]ratio_ins!$C:$C,MATCH('001_population_health_zone_zs'!$B2,[1]ratio_ins!$B:$B,0)) -> 35458.181 | I2: =INDEX([1]ratio_ins!G:G,MATCH('001_population_health_zone_zs'!$B$2,[1]ratio_ins!$B:$B,0))*$G2*INDEX([1]ratio_ins!$C:$C,MATCH('001_population_health_zone_zs'!$B2,[1]ratio_ins!$B:$B,0)) -> 29011.239 | J2: =INDEX([1]ratio_ins!H:H,MATCH('001_population_health_zone_zs'!$B$2,[1]ratio_ins!$B:$B,0))*$G2*INDEX([1]ratio_ins!$C:$C,MATCH('001_population_health_zone_zs'!$B2,[1]ratio_ins!$B:$B,0)) -> 22903.61 | K2: =INDEX([1]ratio_ins!I:I,MATCH('001_population_health_zone_zs'!$B$2,[1]ratio_ins!$B:$B,0))*$G2*INDEX([1]ratio_ins!$C:$C,MATCH('001_population_health_zone_zs'!$B2,[1]ratio_ins!$B:$B,0)) -> 14081.478 | L2: =INDEX([1]ratio_ins!J:J,MATCH('001_population_health_zone_zs'!$B$2,[1]ratio_ins!$B:$B,0))*$G2*INDEX([1]ratio_ins!$C:$C,MATCH('001_population_health_zone_zs'!$B2,[1]ratio_ins!$B:$B,0)) -> 8448.8871 | M2: =INDEX([1]ratio_ins!K:K,MATCH('001_population_health_zone_zs'!$B$2,[1]ratio_ins!$B:$B,0))*$G2*INDEX([1]ratio_ins!$C:$C,MATCH('001_population_health_zone_zs'!$B2,[1]ratio_ins!$B:$B,0)) -> 95821.916 | N2: =INDEX([1]ratio_ins!L:L,MATCH('001_population_health_zone_zs'!$B$2,[1]ratio_ins!$B:$B,0))*$G2*INDEX([1]ratio_ins!$C:$C,MATCH('001_population_health_zone_zs'!$B2,[1]ratio_ins!$B:$B,0)) -> 5632.5914 | O2: =INDEX([1]ratio_ins!M:M,MATCH('001_population_health_zone_zs'!$B$2,[1]ratio_ins!$B:$B,0))*$G2*INDEX([1]ratio_ins!$C:$C,MATCH('001_population_health_zone_zs'!$B2,[1]ratio_ins!$B:$B,0)) -> 12215.258 | P2: =INDEX([1]ratio_ins!N:N,MATCH('001_population_health_zone_zs'!$B$2,[1]ratio_ins!$B:$B,0))*$G2*INDEX([1]ratio_ins!$C:$C,MATCH('001_population_health_zone_zs'!$B2,[1]ratio_ins!$B:$B,0)) -> 11027.664 | Q2: =INDEX([1]ratio_ins!O:O,MATCH('001_population_health_zone_zs'!$B$2,[1]ratio_ins!$B:$B,0))*$G2*INDEX([1]ratio_ins!$C:$C,MATCH('001_population_health_zone_zs'!$B2,[1]ratio_ins!$B:$B,0)) -> 9840.0693 | R2: =INDEX([1]ratio_ins!P:P,MATCH('001_population_health_zone_zs'!$B$2,[1]ratio_ins!$B:$B,0))*$G2*INDEX([1]ratio_ins!$C:$C,MATCH('001_population_health_zone_zs'!$B2,[1]ratio_ins!$B:$B,0)) -> 9670.4129 | S2: =INDEX([1]ratio_ins!Q:Q,MATCH('001_population_health_zone_zs'!$B$2,[1]ratio_ins!$B:$B,0))*$G2*INDEX([1]ratio_ins!$C:$C,MATCH('001_population_health_zone_zs'!$B2,[1]ratio_ins!$B:$B,0)) -> 8143.5056 | T2: =INDEX([1]ratio_ins!R:R,MATCH('001_population_health_zone_zs'!$B$2,[1]ratio_ins!$B:$B,0))*$G2*INDEX([1]ratio_ins!$C:$C,MATCH('001_population_health_zone_zs'!$B2,[1]ratio_ins!$B:$B,0)) -> 5768.3165 | U2: =INDEX([1]ratio_ins!S:S,MATCH('001_population_health_zone_zs'!$B$2,[1]ratio_ins!$B:$B,0))*$G2*INDEX([1]ratio_ins!$C:$C,MATCH('001_population_health_zone_zs'!$B2,[1]ratio_ins!$B:$B,0)) -> 4580.7219 | V2: =INDEX([1]ratio_ins!T:T,MATCH('001_population_health_zone_zs'!$B$2,[1]ratio_ins!$B:$B,0))*$G2*INDEX([1]ratio_ins!$C:$C,MATCH('001_population_health_zone_zs'!$B2,[1]ratio_ins!$B:$B,0)) -> 2544.8455 | W2: =INDEX([1]ratio_ins!U:U,MATCH('001_population_health_zone_zs'!$B$2,[1]ratio_ins!$B:$B,0))*$G2*INDEX([1]ratio_ins!$C:$C,MATCH('001_population_health_zone_zs'!$B2,[1]ratio_ins!$B:$B,0)) -> 69423.385 | X2: =INDEX([1]ratio_ins!V:V,MATCH('001_population_health_zone_zs'!$B$2,[1]ratio_ins!$B:$B,0))*$G2*INDEX([1]ratio_ins!$C:$C,MATCH('001_population_health_zone_zs'!$B2,[1]ratio_ins!$B:$B,0)) -> 2035.8764 | Y2: =INDEX([1]ratio_ins!W:W,MATCH('001_population_health_zone_zs'!$B$2,[1]ratio_ins!$B:$B,0))*$G2*INDEX([1]ratio_ins!$C:$C,MATCH('001_population_health_zone_zs'!$B2,[1]ratio_ins!$B:$B,0)) -> 1357.2509 | Z2: =INDEX([1]ratio_ins!X:X,MATCH('001_population_health_zone_zs'!$B$2,[1]ratio_ins!$B:$B,0))*$G2*INDEX([1]ratio_ins!$C:$C,MATCH('001_population_health_zone_zs'!$B2,[1]ratio_ins!$B:$B,0)) -> 678.62547 | AA2: =INDEX([1]ratio_ins!Y:Y,MATCH('001_population_health_zone_zs'!$B$2,[1]ratio_ins!$B:$B,0))*$G2*INDEX([1]ratio_ins!$C:$C,MATCH('001_population_health_zone_zs'!$B2,[1]ratio_ins!$B:$B,0)) -> 339.31273 | AB2: =INDEX([1]ratio_ins!Z:Z,MATCH('001_population_health_zone_zs'!$B$2,[1]ratio_ins!$B:$B,0))*$G2*INDEX([1]ratio_ins!$C:$C,MATCH('001_population_health_zone_zs'!$B2,[1]ratio_ins!$B:$B,0)) -> 4411.0655 | AC2: =M2+W2+AB2 -> 169656.37 | AD2: =INDEX([1]ratio_ins!AA:AA,MATCH('001_population_health_zone_zs'!$B$2,[1]ratio_ins!$B:$B,0))*$G2*INDEX([1]ratio_ins!$D:$D,MATCH('001_population_health_zone_zs'!$B2,[1]ratio_ins!$B:$B,0)) -> 35202.853 | AE2: =INDEX([1]ratio_ins!AB:AB,MATCH('001_population_health_zone_zs'!$B$2,[1]ratio_ins!$B:$B,0))*$G2*INDEX([1]ratio_ins!$D:$D,MATCH('001_population_health_zone_zs'!$B2,[1]ratio_ins!$B:$B,0)) -> 29000.446 | AF2: =INDEX([1]ratio_ins!AC:AC,MATCH('001_population_health_zone_zs'!$B$2,[1]ratio_ins!$B:$B,0))*$G2*INDEX([1]ratio_ins!$D:$D,MATCH('001_population_health_zone_zs'!$B2,[1]ratio_ins!$B:$B,0)) -> 22965.671 | AG2: =INDEX([1]ratio_ins!AD:AD,MATCH('001_population_health_zone_zs'!$B$2,[1]ratio_ins!$B:$B,0))*$G2*INDEX([1]ratio_ins!$D:$D,MATCH('001_population_health_zone_zs'!$B2,[1]ratio_ins!$B:$B,0)) -> 13913.509 | AH2: =INDEX([1]ratio_ins!AE:AE,MATCH('001_population_health_zone_zs'!$B$2,[1]ratio_ins!$B:$B,0))*$G2*INDEX([1]ratio_ins!$D:$D,MATCH('001_population_health_zone_zs'!$B2,[1]ratio_ins!$B:$B,0)) -> 8348.1051 | AI2: =INDEX([1]ratio_ins!AF:AF,MATCH('001_population_health_zone_zs'!$B$2,[1]ratio_ins!$B:$B,0))*$G2*INDEX([1]ratio_ins!$D:$D,MATCH('001_population_health_zone_zs'!$B2,[1]ratio_ins!$B:$B,0)) -> 95517.074 | AJ2: =INDEX([1]ratio_ins!AG:AG,MATCH('001_population_health_zone_zs'!$B$2,[1]ratio_ins!$B:$B,0))*$G2*INDEX([1]ratio_ins!$D:$D,MATCH('001_population_health_zone_zs'!$B2,[1]ratio_ins!$B:$B,0)) -> 5565.4034 | AK2: =INDEX([1]ratio_ins!AH:AH,MATCH('001_population_health_zone_zs'!$B$2,[1]ratio_ins!$B:$B,0))*$G2*INDEX([1]ratio_ins!$D:$D,MATCH('001_population_health_zone_zs'!$B2,[1]ratio_ins!$B:$B,0)) -> 12404.815 | AL2: =INDEX([1]ratio_ins!AI:AI,MATCH('001_population_health_zone_zs'!$B$2,[1]ratio_ins!$B:$B,0))*$G2*INDEX([1]ratio_ins!$D:$D,MATCH('001_population_health_zone_zs'!$B2,[1]ratio_ins!$B:$B,0)) -> 11734.284 | AM2: =INDEX([1]ratio_ins!AJ:AJ,MATCH('001_population_health_zone_zs'!$B$2,[1]ratio_ins!$B:$B,0))*$G2*INDEX([1]ratio_ins!$D:$D,MATCH('001_population_health_zone_zs'!$B2,[1]ratio_ins!$B:$B,0)) -> 10728.489 | AN2: =INDEX([1]ratio_ins!AK:AK,MATCH('001_population_health_zone_zs'!$B$2,[1]ratio_ins!$B:$B,0))*$G2*INDEX([1]ratio_ins!$D:$D,MATCH('001_population_health_zone_zs'!$B2,[1]ratio_ins!$B:$B,0)) -> 10057.958 | AO2: =INDEX([1]ratio_ins!AL:AL,MATCH('001_population_health_zone_zs'!$B$2,[1]ratio_ins!$B:$B,0))*$G2*INDEX([1]ratio_ins!$D:$D,MATCH('001_population_health_zone_zs'!$B2,[1]ratio_ins!$B:$B,0)) -> 7543.4685 | AP2: =INDEX([1]ratio_ins!AM:AM,MATCH('001_population_health_zone_zs'!$B$2,[1]ratio_ins!$B:$B,0))*$G2*INDEX([1]ratio_ins!$D:$D,MATCH('001_population_health_zone_zs'!$B2,[1]ratio_ins!$B:$B,0)) -> 4861.3464 | AQ2: =INDEX([1]ratio_ins!AN:AN,MATCH('001_population_health_zone_zs'!$B$2,[1]ratio_ins!$B:$B,0))*$G2*INDEX([1]ratio_ins!$D:$D,MATCH('001_population_health_zone_zs'!$B2,[1]ratio_ins!$B:$B,0)) -> 3855.5506 | AR2: =INDEX([1]ratio_ins!AO:AO,MATCH('001_population_health_zone_zs'!$B$2,[1]ratio_ins!$B:$B,0))*$G2*INDEX([1]ratio_ins!$D:$D,MATCH('001_population_health_zone_zs'!$B2,[1]ratio_ins!$B:$B,0)) -> 1843.959 | AS2: =INDEX([1]ratio_ins!AP:AP,MATCH('001_population_health_zone_zs'!$B$2,[1]ratio_ins!$B:$B,0))*$G2*INDEX([1]ratio_ins!$D:$D,MATCH('001_population_health_zone_zs'!$B2,[1]ratio_ins!$B:$B,0)) -> 68595.273 | AT2: =INDEX([1]ratio_ins!AQ:AQ,MATCH('001_population_health_zone_zs'!$B$2,[1]ratio_ins!$B:$B,0))*$G2*INDEX([1]ratio_ins!$D:$D,MATCH('001_population_health_zone_zs'!$B2,[1]ratio_ins!$B:$B,0)) -> 1676.3263 | AU2: =INDEX([1]ratio_ins!AR:AR,MATCH('001_population_health_zone_zs'!$B$2,[1]ratio_ins!$B:$B,0))*$G2*INDEX([1]ratio_ins!$D:$D,MATCH('001_population_health_zone_zs'!$B2,[1]ratio_ins!$B:$B,0)) -> 1005.7958 | AV2: =INDEX([1]ratio_ins!AS:AS,MATCH('001_population_health_zone_zs'!$B$2,[1]ratio_ins!$B:$B,0))*$G2*INDEX([1]ratio_ins!$D:$D,MATCH('001_population_health_zone_zs'!$B2,[1]ratio_ins!$B:$B,0)) -> 502.8979 | AW2: =INDEX([1]ratio_ins!AT:AT,MATCH('001_population_health_zone_zs'!$B$2,[1]ratio_ins!$B:$B,0))*$G2*INDEX([1]ratio_ins!$D:$D,MATCH('001_population_health_zone_zs'!$B2,[1]ratio_ins!$B:$B,0)) -> 335.26527 | AX2: =INDEX([1]ratio_ins!AU:AU,MATCH('001_population_health_zone_zs'!$B$2,[1]ratio_ins!$B:$B,0))*$G2*INDEX([1]ratio_ins!$D:$D,MATCH('001_population_health_zone_zs'!$B2,[1]ratio_ins!$B:$B,0)) -> 3520.2853 | AY2: =AI2+AS2+AX2 -> 167632.63 | AZ2: =AC2+AY2 -> 337289 | BA2: 333386.66 | BB2: =SUM(AH2,AJ2,AK2:AP2) -> 71243.869 | BC2: =BB2/G2 -> 0.211225 | BD2: =SUM(L2,N2:T2) -> 70746.705
A3: Kinshasa | B3: CD10 | C3: Kinshasa | D3: CD1000 | E3: Barumbu | F3: CD1000ZS02 | G3: 281886 | H3: =INDEX([1]ratio_ins!F:F,MATCH('001_population_health_zone_zs'!$B$2,[1]ratio_ins!$B:$B,0))*$G3*INDEX([1]ratio_ins!$C:$C,MATCH('001_population_health_zone_zs'!$B3,[1]ratio_ins!$B:$B,0)) -> 29633.83 | I3: =INDEX([1]ratio_ins!G:G,MATCH('001_population_health_zone_zs'!$B$2,[1]ratio_ins!$B:$B,0))*$G3*INDEX([1]ratio_ins!$C:$C,MATCH('001_population_health_zone_zs'!$B3,[1]ratio_ins!$B:$B,0)) -> 24245.861 | J3: =INDEX([1]ratio_ins!H:H,MATCH('001_population_health_zone_zs'!$B$2,[1]ratio_ins!$B:$B,0))*$G3*INDEX([1]ratio_ins!$C:$C,MATCH('001_population_health_zone_zs'!$B3,[1]ratio_ins!$B:$B,0)) -> 19141.469 | K3: =INDEX([1]ratio_ins!I:I,MATCH('001_population_health_zone_zs'!$B$2,[1]ratio_ins!$B:$B,0))*$G3*INDEX([1]ratio_ins!$C:$C,MATCH('001_population_health_zone_zs'!$B3,[1]ratio_ins!$B:$B,0)) -> 11768.459 | L3: =INDEX([1]ratio_ins!J:J,MATCH('001_population_health_zone_zs'!$B$2,[1]ratio_ins!$B:$B,0))*$G3*INDEX([1]ratio_ins!$C:$C,MATCH('001_population_health_zone_zs'!$B3,[1]ratio_ins!$B:$B,0)) -> 7061.0752 | M3: =INDEX([1]ratio_ins!K:K,MATCH('001_population_health_zone_zs'!$B$2,[1]ratio_ins!$B:$B,0))*$G3*INDEX([1]ratio_ins!$C:$C,MATCH('001_population_health_zone_zs'!$B3,[1]ratio_ins!$B:$B,0)) -> 80082.234 | N3: =INDEX([1]ratio_ins!L:L,MATCH('001_population_health_zone_zs'!$B$2,[1]ratio_ins!$B:$B,0))*$G3*INDEX([1]ratio_ins!$C:$C,MATCH('001_population_health_zone_zs'!$B3,[1]ratio_ins!$B:$B,0)) -> 4707.3834 | O3: =INDEX([1]ratio_ins!M:M,MATCH('001_population_health_zone_zs'!$B$2,[1]ratio_ins!$B:$B,0))*$G3*INDEX([1]ratio_ins!$C:$C,MATCH('001_population_health_zone_zs'!$B3,[1]ratio_ins!$B:$B,0)) -> 10208.783 | P3: =INDEX([1]ratio_ins!N:N,MATCH('001_population_health_zone_zs'!$B$2,[1]ratio_ins!$B:$B,0))*$G3*INDEX([1]ratio_ins!$C:$C,MATCH('001_population_health_zone_zs'!$B3,[1]ratio_ins!$B:$B,0)) -> 9216.2628 | Q3: =INDEX([1]ratio_ins!O:O,MATCH('001_population_health_zone_zs'!$B$2,[1]ratio_ins!$B:$B,0))*$G3*INDEX([1]ratio_ins!$C:$C,MATCH('001_population_health_zone_zs'!$B3,[1]ratio_ins!$B:$B,0)) -> 8223.7422 | R3: =INDEX([1]ratio_ins!P:P,MATCH('001_population_health_zone_zs'!$B$2,[1]ratio_ins!$B:$B,0))*$G3*INDEX([1]ratio_ins!$C:$C,MATCH('001_population_health_zone_zs'!$B3,[1]ratio_ins!$B:$B,0)) -> 8081.9535 | S3: =INDEX([1]ratio_ins!Q:Q,MATCH('001_population_health_zone_zs'!$B$2,[1]ratio_ins!$B:$B,0))*$G3*INDEX([1]ratio_ins!$C:$C,MATCH('001_population_health_zone_zs'!$B3,[1]ratio_ins!$B:$B,0)) -> 6805.8556 | T3: =INDEX([1]ratio_ins!R:R,MATCH('001_population_health_zone_zs'!$B$2,[1]ratio_ins!$B:$B,0))*$G3*INDEX([1]ratio_ins!$C:$C,MATCH('001_population_health_zone_zs'!$B3,[1]ratio_ins!$B:$B,0)) -> 4820.8144 | U3: =INDEX([1]ratio_ins!S:S,MATCH('001_population_health_zone_zs'!$B$2,[1]ratio_ins!$B:$B,0))*$G3*INDEX([1]ratio_ins!$C:$C,MATCH('001_population_health_zone_zs'!$B3,[1]ratio_ins!$B:$B,0)) -> 3828.2938 | V3: =INDEX([1]ratio_ins!T:T,MATCH('001_population_health_zone_zs'!$B$2,[1]ratio_ins!$B:$B,0))*$G3*INDEX([1]ratio_ins!$C:$C,MATCH('001_population_health_zone_zs'!$B3,[1]ratio_ins!$B:$B,0)) -> 2126.8299 | W3: =INDEX([1]ratio_ins!U:U,MATCH('001_population_health_zone_zs'!$B$2,[1]ratio_ins!$B:$B,0))*$G3*INDEX([1]ratio_ins!$C:$C,MATCH('001_population_health_zone_zs'!$B3,[1]ratio_ins!$B:$B,0)) -> 58019.919 | X3: =INDEX([1]ratio_ins!V:V,MATCH('001_population_health_zone_zs'!$B$2,[1]ratio_ins!$B:$B,0))*$G3*INDEX([1]ratio_ins!$C:$C,MATCH('001_population_health_zone_zs'!$B3,[1]ratio_ins!$B:$B,0)) -> 1701.4639 | Y3: =INDEX([1]ratio_ins!W:W,MATCH('001_population_health_zone_zs'!$B$2,[1]ratio_ins!$B:$B,0))*$G3*INDEX([1]ratio_ins!$C:$C,MATCH('001_population_health_zone_zs'!$B3,[1]ratio_ins!$B:$B,0)) -> 1134.3093 | Z3: =INDEX([1]ratio_ins!X:X,MATCH('001_population_health_zone_zs'!$B$2,[1]ratio_ins!$B:$B,0))*$G3*INDEX([1]ratio_ins!$C:$C,MATCH('001_population_health_zone_zs'!$B3,[1]ratio_ins!$B:$B,0)) -> 567.15463 | AA3: =INDEX([1]ratio_ins!Y:Y,MATCH('001_population_health_zone_zs'!$B$2,[1]ratio_ins!$B:$B,0))*$G3*INDEX([1]ratio_ins!$C:$C,MATCH('001_population_health_zone_zs'!$B3,[1]ratio_ins!$B:$B,0)) -> 283.57732 | AB3: =INDEX([1]ratio_ins!Z:Z,MATCH('001_population_health_zone_zs'!$B$2,[1]ratio_ins!$B:$B,0))*$G3*INDEX([1]ratio_ins!$C:$C,MATCH('001_population_health_zone_zs'!$B3,[1]ratio_ins!$B:$B,0)) -> 3686.5051 | AC3: =M3+W3+AB3 -> 141788.66 | AD3: =INDEX([1]ratio_ins!AA:AA,MATCH('001_population_health_zone_zs'!$B$2,[1]ratio_ins!$B:$B,0))*$G3*INDEX([1]ratio_ins!$D:$D,MATCH('001_population_health_zone_zs'!$B3,[1]ratio_ins!$B:$B,0)) -> 29420.442 | AE3: =INDEX([1]ratio_ins!AB:AB,MATCH('001_population_health_zone_zs'!$B$2,[1]ratio_ins!$B:$B,0))*$G3*INDEX([1]ratio_ins!$D:$D,MATCH('001_population_health_zone_zs'!$B3,[1]ratio_ins!$B:$B,0)) -> 24236.84 | AF3: =INDEX([1]ratio_ins!AC:AC,MATCH('001_population_health_zone_zs'!$B$2,[1]ratio_ins!$B:$B,0))*$G3*INDEX([1]ratio_ins!$D:$D,MATCH('001_population_health_zone_zs'!$B3,[1]ratio_ins!$B:$B,0)) -> 19193.336 | AG3: =INDEX([1]ratio_ins!AD:AD,MATCH('001_population_health_zone_zs'!$B$2,[1]ratio_ins!$B:$B,0))*$G3*INDEX([1]ratio_ins!$D:$D,MATCH('001_population_health_zone_zs'!$B3,[1]ratio_ins!$B:$B,0)) -> 11628.079 | AH3: =INDEX([1]ratio_ins!AE:AE,MATCH('001_population_health_zone_zs'!$B$2,[1]ratio_ins!$B:$B,0))*$G3*INDEX([1]ratio_ins!$D:$D,MATCH('001_population_health_zone_zs'!$B3,[1]ratio_ins!$B:$B,0)) -> 6976.8476 | AI3: =INDEX([1]ratio_ins!AF:AF,MATCH('001_population_health_zone_zs'!$B$2,[1]ratio_ins!$B:$B,0))*$G3*INDEX([1]ratio_ins!$D:$D,MATCH('001_population_health_zone_zs'!$B3,[1]ratio_ins!$B:$B,0)) -> 79827.465 | AJ3: =INDEX([1]ratio_ins!AG:AG,MATCH('001_population_health_zone_zs'!$B$2,[1]ratio_ins!$B:$B,0))*$G3*INDEX([1]ratio_ins!$D:$D,MATCH('001_population_health_zone_zs'!$B3,[1]ratio_ins!$B:$B,0)) -> 4651.2318 | AK3: =INDEX([1]ratio_ins!AH:AH,MATCH('001_population_health_zone_zs'!$B$2,[1]ratio_ins!$B:$B,0))*$G3*INDEX([1]ratio_ins!$D:$D,MATCH('001_population_health_zone_zs'!$B3,[1]ratio_ins!$B:$B,0)) -> 10367.203 | AL3: =INDEX([1]ratio_ins!AI:AI,MATCH('001_population_health_zone_zs'!$B$2,[1]ratio_ins!$B:$B,0))*$G3*INDEX([1]ratio_ins!$D:$D,MATCH('001_population_health_zone_zs'!$B3,[1]ratio_ins!$B:$B,0)) -> 9806.8139 | AM3: =INDEX([1]ratio_ins!AJ:AJ,MATCH('001_population_health_zone_zs'!$B$2,[1]ratio_ins!$B:$B,0))*$G3*INDEX([1]ratio_ins!$D:$D,MATCH('001_population_health_zone_zs'!$B3,[1]ratio_ins!$B:$B,0)) -> 8966.2299 | AN3: =INDEX([1]ratio_ins!AK:AK,MATCH('001_population_health_zone_zs'!$B$2,[1]ratio_ins!$B:$B,0))*$G3*INDEX([1]ratio_ins!$D:$D,MATCH('001_population_health_zone_zs'!$B3,[1]ratio_ins!$B:$B,0)) -> 8405.8405 | AO3: =INDEX([1]ratio_ins!AL:AL,MATCH('001_population_health_zone_zs'!$B$2,[1]ratio_ins!$B:$B,0))*$G3*INDEX([1]ratio_ins!$D:$D,MATCH('001_population_health_zone_zs'!$B3,[1]ratio_ins!$B:$B,0)) -> 6304.3804 | AP3: =INDEX([1]ratio_ins!AM:AM,MATCH('001_population_health_zone_zs'!$B$2,[1]ratio_ins!$B:$B,0))*$G3*INDEX([1]ratio_ins!$D:$D,MATCH('001_population_health_zone_zs'!$B3,[1]ratio_ins!$B:$B,0)) -> 4062.8229 | AQ3: =INDEX([1]ratio_ins!AN:AN,MATCH('001_population_health_zone_zs'!$B$2,[1]ratio_ins!$B:$B,0))*$G3*INDEX([1]ratio_ins!$D:$D,MATCH('001_population_health_zone_zs'!$B3,[1]ratio_ins!$B:$B,0)) -> 3222.2389 | AR3: =INDEX([1]ratio_ins!AO:AO,MATCH('001_population_health_zone_zs'!$B$2,[1]ratio_ins!$B:$B,0))*$G3*INDEX([1]ratio_ins!$D:$D,MATCH('001_population_health_zone_zs'!$B3,[1]ratio_ins!$B:$B,0)) -> 1541.0708 | AS3: =INDEX([1]ratio_ins!AP:AP,MATCH('001_population_health_zone_zs'!$B$2,[1]ratio_ins!$B:$B,0))*$G3*INDEX([1]ratio_ins!$D:$D,MATCH('001_population_health_zone_zs'!$B3,[1]ratio_ins!$B:$B,0)) -> 57327.832 | AT3: =INDEX([1]ratio_ins!AQ:AQ,MATCH('001_population_health_zone_zs'!$B$2,[1]ratio_ins!$B:$B,0))*$G3*INDEX([1]ratio_ins!$D:$D,MATCH('001_population_health_zone_zs'!$B3,[1]ratio_ins!$B:$B,0)) -> 1400.9734 | AU3: =INDEX([1]ratio_ins!AR:AR,MATCH('001_population_health_zone_zs'!$B$2,[1]ratio_ins!$B:$B,0))*$G3*INDEX([1]ratio_ins!$D:$D,MATCH('001_population_health_zone_zs'!$B3,[1]ratio_ins!$B:$B,0)) -> 840.58405 | AV3: =INDEX([1]ratio_ins!AS:AS,MATCH('001_population_health_zone_zs'!$B$2,[1]ratio_ins!$B:$B,0))*$G3*INDEX([1]ratio_ins!$D:$D,MATCH('001_population_health_zone_zs'!$B3,[1]ratio_ins!$B:$B,0)) -> 420.29203 | AW3: =INDEX([1]ratio_ins!AT:AT,MATCH('001_population_health_zone_zs'!$B$2,[1]ratio_ins!$B:$B,0))*$G3*INDEX([1]ratio_ins!$D:$D,MATCH('001_population_health_zone_zs'!$B3,[1]ratio_ins!$B:$B,0)) -> 280.19468 | AX3: =INDEX([1]ratio_ins!AU:AU,MATCH('001_population_health_zone_zs'!$B$2,[1]ratio_ins!$B:$B,0))*$G3*INDEX([1]ratio_ins!$D:$D,MATCH('001_population_health_zone_zs'!$B3,[1]ratio_ins!$B:$B,0)) -> 2942.0442 | AY3: =AI3+AS3+AX3 -> 140097.34 | AZ3: =AC3+AY3 -> 281886 | BA3: 278624.9 | BB3: =SUM(AH3,AJ3,AK3:AP3) -> 59541.37 | BC3: =BB3/G3 -> 0.211225 | BD3: =SUM(L3,N3:T3) -> 59125.87
A4: Kinshasa | B4: CD10 | C4: Kinshasa | D4: CD1000 | E4: Binza Meteo | F4: CD1000ZS03 | G4: 745289 | H4: =INDEX([1]ratio_ins!F:F,MATCH('001_population_health_zone_zs'!$B$2,[1]ratio_ins!$B:$B,0))*$G4*INDEX([1]ratio_ins!$C:$C,MATCH('001_population_health_zone_zs'!$B4,[1]ratio_ins!$B:$B,0)) -> 78349.997 | I4: =INDEX([1]ratio_ins!G:G,MATCH('001_population_health_zone_zs'!$B$2,[1]ratio_ins!$B:$B,0))*$G4*INDEX([1]ratio_ins!$C:$C,MATCH('001_population_health_zone_zs'!$B4,[1]ratio_ins!$B:$B,0)) -> 64104.543 | J4: =INDEX([1]ratio_ins!H:H,MATCH('001_population_health_zone_zs'!$B$2,[1]ratio_ins!$B:$B,0))*$G4*INDEX([1]ratio_ins!$C:$C,MATCH('001_population_health_zone_zs'!$B4,[1]ratio_ins!$B:$B,0)) -> 50608.85 | K4: =INDEX([1]ratio_ins!I:I,MATCH('001_population_health_zone_zs'!$B$2,[1]ratio_ins!$B:$B,0))*$G4*INDEX([1]ratio_ins!$C:$C,MATCH('001_population_health_zone_zs'!$B4,[1]ratio_ins!$B:$B,0)) -> 31115.07 | L4: =INDEX([1]ratio_ins!J:J,MATCH('001_population_health_zone_zs'!$B$2,[1]ratio_ins!$B:$B,0))*$G4*INDEX([1]ratio_ins!$C:$C,MATCH('001_population_health_zone_zs'!$B4,[1]ratio_ins!$B:$B,0)) -> 18669.042 | M4: =INDEX([1]ratio_ins!K:K,MATCH('001_population_health_zone_zs'!$B$2,[1]ratio_ins!$B:$B,0))*$G4*INDEX([1]ratio_ins!$C:$C,MATCH('001_population_health_zone_zs'!$B4,[1]ratio_ins!$B:$B,0)) -> 211732.43 | N4: =INDEX([1]ratio_ins!L:L,MATCH('001_population_health_zone_zs'!$B$2,[1]ratio_ins!$B:$B,0))*$G4*INDEX([1]ratio_ins!$C:$C,MATCH('001_population_health_zone_zs'!$B4,[1]ratio_ins!$B:$B,0)) -> 12446.028 | O4: =INDEX([1]ratio_ins!M:M,MATCH('001_population_health_zone_zs'!$B$2,[1]ratio_ins!$B:$B,0))*$G4*INDEX([1]ratio_ins!$C:$C,MATCH('001_population_health_zone_zs'!$B4,[1]ratio_ins!$B:$B,0)) -> 26991.386 | P4: =INDEX([1]ratio_ins!N:N,MATCH('001_population_health_zone_zs'!$B$2,[1]ratio_ins!$B:$B,0))*$G4*INDEX([1]ratio_ins!$C:$C,MATCH('001_population_health_zone_zs'!$B4,[1]ratio_ins!$B:$B,0)) -> 24367.224 | Q4: =INDEX([1]ratio_ins!O:O,MATCH('001_population_health_zone_zs'!$B$2,[1]ratio_ins!$B:$B,0))*$G4*INDEX([1]ratio_ins!$C:$C,MATCH('001_population_health_zone_zs'!$B4,[1]ratio_ins!$B:$B,0)) -> 21743.061 | R4: =INDEX([1]ratio_ins!P:P,MATCH('001_population_health_zone_zs'!$B$2,[1]ratio_ins!$B:$B,0))*$G4*INDEX([1]ratio_ins!$C:$C,MATCH('001_population_health_zone_zs'!$B4,[1]ratio_ins!$B:$B,0)) -> 21368.181 | S4: =INDEX([1]ratio_ins!Q:Q,MATCH('001_population_health_zone_zs'!$B$2,[1]ratio_ins!$B:$B,0))*$G4*INDEX([1]ratio_ins!$C:$C,MATCH('001_population_health_zone_zs'!$B4,[1]ratio_ins!$B:$B,0)) -> 17994.258 | T4: =INDEX([1]ratio_ins!R:R,MATCH('001_population_health_zone_zs'!$B$2,[1]ratio_ins!$B:$B,0))*$G4*INDEX([1]ratio_ins!$C:$C,MATCH('001_population_health_zone_zs'!$B4,[1]ratio_ins!$B:$B,0)) -> 12745.932 | U4: =INDEX([1]ratio_ins!S:S,MATCH('001_population_health_zone_zs'!$B$2,[1]ratio_ins!$B:$B,0))*$G4*INDEX([1]ratio_ins!$C:$C,MATCH('001_population_health_zone_zs'!$B4,[1]ratio_ins!$B:$B,0)) -> 10121.77 | V4: =INDEX([1]ratio_ins!T:T,MATCH('001_population_health_zone_zs'!$B$2,[1]ratio_ins!$B:$B,0))*$G4*INDEX([1]ratio_ins!$C:$C,MATCH('001_population_health_zone_zs'!$B4,[1]ratio_ins!$B:$B,0)) -> 5623.2055 | W4: =INDEX([1]ratio_ins!U:U,MATCH('001_population_health_zone_zs'!$B$2,[1]ratio_ins!$B:$B,0))*$G4*INDEX([1]ratio_ins!$C:$C,MATCH('001_population_health_zone_zs'!$B4,[1]ratio_ins!$B:$B,0)) -> 153401.05 | X4: =INDEX([1]ratio_ins!V:V,MATCH('001_population_health_zone_zs'!$B$2,[1]ratio_ins!$B:$B,0))*$G4*INDEX([1]ratio_ins!$C:$C,MATCH('001_population_health_zone_zs'!$B4,[1]ratio_ins!$B:$B,0)) -> 4498.5644 | Y4: =INDEX([1]ratio_ins!W:W,MATCH('001_population_health_zone_zs'!$B$2,[1]ratio_ins!$B:$B,0))*$G4*INDEX([1]ratio_ins!$C:$C,MATCH('001_population_health_zone_zs'!$B4,[1]ratio_ins!$B:$B,0)) -> 2999.0429 | Z4: =INDEX([1]ratio_ins!X:X,MATCH('001_population_health_zone_zs'!$B$2,[1]ratio_ins!$B:$B,0))*$G4*INDEX([1]ratio_ins!$C:$C,MATCH('001_population_health_zone_zs'!$B4,[1]ratio_ins!$B:$B,0)) -> 1499.5215 | AA4: =INDEX([1]ratio_ins!Y:Y,MATCH('001_population_health_zone_zs'!$B$2,[1]ratio_ins!$B:$B,0))*$G4*INDEX([1]ratio_ins!$C:$C,MATCH('001_population_health_zone_zs'!$B4,[1]ratio_ins!$B:$B,0)) -> 749.76073 | AB4: =INDEX([1]ratio_ins!Z:Z,MATCH('001_population_health_zone_zs'!$B$2,[1]ratio_ins!$B:$B,0))*$G4*INDEX([1]ratio_ins!$C:$C,MATCH('001_population_health_zone_zs'!$B4,[1]ratio_ins!$B:$B,0)) -> 9746.8895 | AC4: =M4+W4+AB4 -> 374880.37 | AD4: =INDEX([1]ratio_ins!AA:AA,MATCH('001_population_health_zone_zs'!$B$2,[1]ratio_ins!$B:$B,0))*$G4*INDEX([1]ratio_ins!$D:$D,MATCH('001_population_health_zone_zs'!$B4,[1]ratio_ins!$B:$B,0)) -> 77785.813 | AE4: =INDEX([1]ratio_ins!AB:AB,MATCH('001_population_health_zone_zs'!$B$2,[1]ratio_ins!$B:$B,0))*$G4*INDEX([1]ratio_ins!$D:$D,MATCH('001_population_health_zone_zs'!$B4,[1]ratio_ins!$B:$B,0)) -> 64080.694 | AF4: =INDEX([1]ratio_ins!AC:AC,MATCH('001_population_health_zone_zs'!$B$2,[1]ratio_ins!$B:$B,0))*$G4*INDEX([1]ratio_ins!$D:$D,MATCH('001_population_health_zone_zs'!$B4,[1]ratio_ins!$B:$B,0)) -> 50745.983 | AG4: =INDEX([1]ratio_ins!AD:AD,MATCH('001_population_health_zone_zs'!$B$2,[1]ratio_ins!$B:$B,0))*$G4*INDEX([1]ratio_ins!$D:$D,MATCH('001_population_health_zone_zs'!$B4,[1]ratio_ins!$B:$B,0)) -> 30743.917 | AH4: =INDEX([1]ratio_ins!AE:AE,MATCH('001_population_health_zone_zs'!$B$2,[1]ratio_ins!$B:$B,0))*$G4*INDEX([1]ratio_ins!$D:$D,MATCH('001_population_health_zone_zs'!$B4,[1]ratio_ins!$B:$B,0)) -> 18446.35 | AI4: =INDEX([1]ratio_ins!AF:AF,MATCH('001_population_health_zone_zs'!$B$2,[1]ratio_ins!$B:$B,0))*$G4*INDEX([1]ratio_ins!$D:$D,MATCH('001_population_health_zone_zs'!$B4,[1]ratio_ins!$B:$B,0)) -> 211058.84 | AJ4: =INDEX([1]ratio_ins!AG:AG,MATCH('001_population_health_zone_zs'!$B$2,[1]ratio_ins!$B:$B,0))*$G4*INDEX([1]ratio_ins!$D:$D,MATCH('001_population_health_zone_zs'!$B4,[1]ratio_ins!$B:$B,0)) -> 12297.567 | AK4: =INDEX([1]ratio_ins!AH:AH,MATCH('001_population_health_zone_zs'!$B$2,[1]ratio_ins!$B:$B,0))*$G4*INDEX([1]ratio_ins!$D:$D,MATCH('001_population_health_zone_zs'!$B4,[1]ratio_ins!$B:$B,0)) -> 27410.239 | AL4: =INDEX([1]ratio_ins!AI:AI,MATCH('001_population_health_zone_zs'!$B$2,[1]ratio_ins!$B:$B,0))*$G4*INDEX([1]ratio_ins!$D:$D,MATCH('001_population_health_zone_zs'!$B4,[1]ratio_ins!$B:$B,0)) -> 25928.604 | AM4: =INDEX([1]ratio_ins!AJ:AJ,MATCH('001_population_health_zone_zs'!$B$2,[1]ratio_ins!$B:$B,0))*$G4*INDEX([1]ratio_ins!$D:$D,MATCH('001_population_health_zone_zs'!$B4,[1]ratio_ins!$B:$B,0)) -> 23706.153 | AN4: =INDEX([1]ratio_ins!AK:AK,MATCH('001_population_health_zone_zs'!$B$2,[1]ratio_ins!$B:$B,0))*$G4*INDEX([1]ratio_ins!$D:$D,MATCH('001_population_health_zone_zs'!$B4,[1]ratio_ins!$B:$B,0)) -> 22224.518 | AO4: =INDEX([1]ratio_ins!AL:AL,MATCH('001_population_health_zone_zs'!$B$2,[1]ratio_ins!$B:$B,0))*$G4*INDEX([1]ratio_ins!$D:$D,MATCH('001_population_health_zone_zs'!$B4,[1]ratio_ins!$B:$B,0)) -> 16668.388 | AP4: =INDEX([1]ratio_ins!AM:AM,MATCH('001_population_health_zone_zs'!$B$2,[1]ratio_ins!$B:$B,0))*$G4*INDEX([1]ratio_ins!$D:$D,MATCH('001_population_health_zone_zs'!$B4,[1]ratio_ins!$B:$B,0)) -> 10741.85 | AQ4: =INDEX([1]ratio_ins!AN:AN,MATCH('001_population_health_zone_zs'!$B$2,[1]ratio_ins!$B:$B,0))*$G4*INDEX([1]ratio_ins!$D:$D,MATCH('001_population_health_zone_zs'!$B4,[1]ratio_ins!$B:$B,0)) -> 8519.3986 | AR4: =INDEX([1]ratio_ins!AO:AO,MATCH('001_population_health_zone_zs'!$B$2,[1]ratio_ins!$B:$B,0))*$G4*INDEX([1]ratio_ins!$D:$D,MATCH('001_population_health_zone_zs'!$B4,[1]ratio_ins!$B:$B,0)) -> 4074.495 | AS4: =INDEX([1]ratio_ins!AP:AP,MATCH('001_population_health_zone_zs'!$B$2,[1]ratio_ins!$B:$B,0))*$G4*INDEX([1]ratio_ins!$D:$D,MATCH('001_population_health_zone_zs'!$B4,[1]ratio_ins!$B:$B,0)) -> 151571.21 | AT4: =INDEX([1]ratio_ins!AQ:AQ,MATCH('001_population_health_zone_zs'!$B$2,[1]ratio_ins!$B:$B,0))*$G4*INDEX([1]ratio_ins!$D:$D,MATCH('001_population_health_zone_zs'!$B4,[1]ratio_ins!$B:$B,0)) -> 3704.0863 | AU4: =INDEX([1]ratio_ins!AR:AR,MATCH('001_population_health_zone_zs'!$B$2,[1]ratio_ins!$B:$B,0))*$G4*INDEX([1]ratio_ins!$D:$D,MATCH('001_population_health_zone_zs'!$B4,[1]ratio_ins!$B:$B,0)) -> 2222.4518 | AV4: =INDEX([1]ratio_ins!AS:AS,MATCH('001_population_health_zone_zs'!$B$2,[1]ratio_ins!$B:$B,0))*$G4*INDEX([1]ratio_ins!$D:$D,MATCH('001_population_health_zone_zs'!$B4,[1]ratio_ins!$B:$B,0)) -> 1111.2259 | AW4: =INDEX([1]ratio_ins!AT:AT,MATCH('001_population_health_zone_zs'!$B$2,[1]ratio_ins!$B:$B,0))*$G4*INDEX([1]ratio_ins!$D:$D,MATCH('001_population_health_zone_zs'!$B4,[1]ratio_ins!$B:$B,0)) -> 740.81727 | AX4: =INDEX([1]ratio_ins!AU:AU,MATCH('001_population_health_zone_zs'!$B$2,[1]ratio_ins!$B:$B,0))*$G4*INDEX([1]ratio_ins!$D:$D,MATCH('001_population_health_zone_zs'!$B4,[1]ratio_ins!$B:$B,0)) -> 7778.5813 | AY4: =AI4+AS4+AX4 -> 370408.63 | AZ4: =AC4+AY4 -> 745289 | BA4: 736666.73 | BB4: =SUM(AH4,AJ4,AK4:AP4) -> 157423.67 | BC4: =BB4/G4 -> 0.211225 | BD4: =SUM(L4,N4:T4) -> 156325.11
A5: Kinshasa | B5: CD10 | C5: Kinshasa | D5: CD1000 | E5: Binza Ozone | F5: CD1000ZS04 | G5: 694614 | H5: =INDEX([1]ratio_ins!F:F,MATCH('001_population_health_zone_zs'!$B$2,[1]ratio_ins!$B:$B,0))*$G5*INDEX([1]ratio_ins!$C:$C,MATCH('001_population_health_zone_zs'!$B5,[1]ratio_ins!$B:$B,0)) -> 73022.686 | I5: =INDEX([1]ratio_ins!G:G,MATCH('001_population_health_zone_zs'!$B$2,[1]ratio_ins!$B:$B,0))*$G5*INDEX([1]ratio_ins!$C:$C,MATCH('001_population_health_zone_zs'!$B5,[1]ratio_ins!$B:$B,0)) -> 59745.834 | J5: =INDEX([1]ratio_ins!H:H,MATCH('001_population_health_zone_zs'!$B$2,[1]ratio_ins!$B:$B,0))*$G5*INDEX([1]ratio_ins!$C:$C,MATCH('001_population_health_zone_zs'!$B5,[1]ratio_ins!$B:$B,0)) -> 47167.764 | K5: =INDEX([1]ratio_ins!I:I,MATCH('001_population_health_zone_zs'!$B$2,[1]ratio_ins!$B:$B,0))*$G5*INDEX([1]ratio_ins!$C:$C,MATCH('001_population_health_zone_zs'!$B5,[1]ratio_ins!$B:$B,0)) -> 28999.44 | L5: =INDEX([1]ratio_ins!J:J,MATCH('001_population_health_zone_zs'!$B$2,[1]ratio_ins!$B:$B,0))*$G5*INDEX([1]ratio_ins!$C:$C,MATCH('001_population_health_zone_zs'!$B5,[1]ratio_ins!$B:$B,0)) -> 17399.664 | M5: =INDEX([1]ratio_ins!K:K,MATCH('001_population_health_zone_zs'!$B$2,[1]ratio_ins!$B:$B,0))*$G5*INDEX([1]ratio_ins!$C:$C,MATCH('001_population_health_zone_zs'!$B5,[1]ratio_ins!$B:$B,0)) -> 197335.95 | N5: =INDEX([1]ratio_ins!L:L,MATCH('001_population_health_zone_zs'!$B$2,[1]ratio_ins!$B:$B,0))*$G5*INDEX([1]ratio_ins!$C:$C,MATCH('001_population_health_zone_zs'!$B5,[1]ratio_ins!$B:$B,0)) -> 11599.776 | O5: =INDEX([1]ratio_ins!M:M,MATCH('001_population_health_zone_zs'!$B$2,[1]ratio_ins!$B:$B,0))*$G5*INDEX([1]ratio_ins!$C:$C,MATCH('001_population_health_zone_zs'!$B5,[1]ratio_ins!$B:$B,0)) -> 25156.141 | P5: =INDEX([1]ratio_ins!N:N,MATCH('001_population_health_zone_zs'!$B$2,[1]ratio_ins!$B:$B,0))*$G5*INDEX([1]ratio_ins!$C:$C,MATCH('001_population_health_zone_zs'!$B5,[1]ratio_ins!$B:$B,0)) -> 22710.405 | Q5: =INDEX([1]ratio_ins!O:O,MATCH('001_population_health_zone_zs'!$B$2,[1]ratio_ins!$B:$B,0))*$G5*INDEX([1]ratio_ins!$C:$C,MATCH('001_population_health_zone_zs'!$B5,[1]ratio_ins!$B:$B,0)) -> 20264.669 | R5: =INDEX([1]ratio_ins!P:P,MATCH('001_population_health_zone_zs'!$B$2,[1]ratio_ins!$B:$B,0))*$G5*INDEX([1]ratio_ins!$C:$C,MATCH('001_population_health_zone_zs'!$B5,[1]ratio_ins!$B:$B,0)) -> 19915.278 | S5: =INDEX([1]ratio_ins!Q:Q,MATCH('001_population_health_zone_zs'!$B$2,[1]ratio_ins!$B:$B,0))*$G5*INDEX([1]ratio_ins!$C:$C,MATCH('001_population_health_zone_zs'!$B5,[1]ratio_ins!$B:$B,0)) -> 16770.76 | T5: =INDEX([1]ratio_ins!R:R,MATCH('001_population_health_zone_zs'!$B$2,[1]ratio_ins!$B:$B,0))*$G5*INDEX([1]ratio_ins!$C:$C,MATCH('001_population_health_zone_zs'!$B5,[1]ratio_ins!$B:$B,0)) -> 11879.289 | U5: =INDEX([1]ratio_ins!S:S,MATCH('001_population_health_zone_zs'!$B$2,[1]ratio_ins!$B:$B,0))*$G5*INDEX([1]ratio_ins!$C:$C,MATCH('001_population_health_zone_zs'!$B5,[1]ratio_ins!$B:$B,0)) -> 9433.5527 | V5: =INDEX([1]ratio_ins!T:T,MATCH('001_population_health_zone_zs'!$B$2,[1]ratio_ins!$B:$B,0))*$G5*INDEX([1]ratio_ins!$C:$C,MATCH('001_population_health_zone_zs'!$B5,[1]ratio_ins!$B:$B,0)) -> 5240.8626 | W5: =INDEX([1]ratio_ins!U:U,MATCH('001_population_health_zone_zs'!$B$2,[1]ratio_ins!$B:$B,0))*$G5*INDEX([1]ratio_ins!$C:$C,MATCH('001_population_health_zone_zs'!$B5,[1]ratio_ins!$B:$B,0)) -> 142970.73 | X5: =INDEX([1]ratio_ins!V:V,MATCH('001_population_health_zone_zs'!$B$2,[1]ratio_ins!$B:$B,0))*$G5*INDEX([1]ratio_ins!$C:$C,MATCH('001_population_health_zone_zs'!$B5,[1]ratio_ins!$B:$B,0)) -> 4192.6901 | Y5: =INDEX([1]ratio_ins!W:W,MATCH('001_population_health_zone_zs'!$B$2,[1]ratio_ins!$B:$B,0))*$G5*INDEX([1]ratio_ins!$C:$C,MATCH('001_population_health_zone_zs'!$B5,[1]ratio_ins!$B:$B,0)) -> 2795.1267 | Z5: =INDEX([1]ratio_ins!X:X,MATCH('001_population_health_zone_zs'!$B$2,[1]ratio_ins!$B:$B,0))*$G5*INDEX([1]ratio_ins!$C:$C,MATCH('001_population_health_zone_zs'!$B5,[1]ratio_ins!$B:$B,0)) -> 1397.5634 | AA5: =INDEX([1]ratio_ins!Y:Y,MATCH('001_population_health_zone_zs'!$B$2,[1]ratio_ins!$B:$B,0))*$G5*INDEX([1]ratio_ins!$C:$C,MATCH('001_population_health_zone_zs'!$B5,[1]ratio_ins!$B:$B,0)) -> 698.78168 | AB5: =INDEX([1]ratio_ins!Z:Z,MATCH('001_population_health_zone_zs'!$B$2,[1]ratio_ins!$B:$B,0))*$G5*INDEX([1]ratio_ins!$C:$C,MATCH('001_population_health_zone_zs'!$B5,[1]ratio_ins!$B:$B,0)) -> 9084.1619 | AC5: =M5+W5+AB5 -> 349390.84 | AD5: =INDEX([1]ratio_ins!AA:AA,MATCH('001_population_health_zone_zs'!$B$2,[1]ratio_ins!$B:$B,0))*$G5*INDEX([1]ratio_ins!$D:$D,MATCH('001_population_health_zone_zs'!$B5,[1]ratio_ins!$B:$B,0)) -> 72496.863 | AE5: =INDEX([1]ratio_ins!AB:AB,MATCH('001_population_health_zone_zs'!$B$2,[1]ratio_ins!$B:$B,0))*$G5*INDEX([1]ratio_ins!$D:$D,MATCH('001_population_health_zone_zs'!$B5,[1]ratio_ins!$B:$B,0)) -> 59723.606 | AF5: =INDEX([1]ratio_ins!AC:AC,MATCH('001_population_health_zone_zs'!$B$2,[1]ratio_ins!$B:$B,0))*$G5*INDEX([1]ratio_ins!$D:$D,MATCH('001_population_health_zone_zs'!$B5,[1]ratio_ins!$B:$B,0)) -> 47295.573 | AG5: =INDEX([1]ratio_ins!AD:AD,MATCH('001_population_health_zone_zs'!$B$2,[1]ratio_ins!$B:$B,0))*$G5*INDEX([1]ratio_ins!$D:$D,MATCH('001_population_health_zone_zs'!$B5,[1]ratio_ins!$B:$B,0)) -> 28653.522 | AH5: =INDEX([1]ratio_ins!AE:AE,MATCH('001_population_health_zone_zs'!$B$2,[1]ratio_ins!$B:$B,0))*$G5*INDEX([1]ratio_ins!$D:$D,MATCH('001_population_health_zone_zs'!$B5,[1]ratio_ins!$B:$B,0)) -> 17192.113 | AI5: =INDEX([1]ratio_ins!AF:AF,MATCH('001_population_health_zone_zs'!$B$2,[1]ratio_ins!$B:$B,0))*$G5*INDEX([1]ratio_ins!$D:$D,MATCH('001_population_health_zone_zs'!$B5,[1]ratio_ins!$B:$B,0)) -> 196708.16 | AJ5: =INDEX([1]ratio_ins!AG:AG,MATCH('001_population_health_zone_zs'!$B$2,[1]ratio_ins!$B:$B,0))*$G5*INDEX([1]ratio_ins!$D:$D,MATCH('001_population_health_zone_zs'!$B5,[1]ratio_ins!$B:$B,0)) -> 11461.409 | AK5: =INDEX([1]ratio_ins!AH:AH,MATCH('001_population_health_zone_zs'!$B$2,[1]ratio_ins!$B:$B,0))*$G5*INDEX([1]ratio_ins!$D:$D,MATCH('001_population_health_zone_zs'!$B5,[1]ratio_ins!$B:$B,0)) -> 25546.514 | AL5: =INDEX([1]ratio_ins!AI:AI,MATCH('001_population_health_zone_zs'!$B$2,[1]ratio_ins!$B:$B,0))*$G5*INDEX([1]ratio_ins!$D:$D,MATCH('001_population_health_zone_zs'!$B5,[1]ratio_ins!$B:$B,0)) -> 24165.621 | AM5: =INDEX([1]ratio_ins!AJ:AJ,MATCH('001_population_health_zone_zs'!$B$2,[1]ratio_ins!$B:$B,0))*$G5*INDEX([1]ratio_ins!$D:$D,MATCH('001_population_health_zone_zs'!$B5,[1]ratio_ins!$B:$B,0)) -> 22094.282 | AN5: =INDEX([1]ratio_ins!AK:AK,MATCH('001_population_health_zone_zs'!$B$2,[1]ratio_ins!$B:$B,0))*$G5*INDEX([1]ratio_ins!$D:$D,MATCH('001_population_health_zone_zs'!$B5,[1]ratio_ins!$B:$B,0)) -> 20713.389 | AO5: =INDEX([1]ratio_ins!AL:AL,MATCH('001_population_health_zone_zs'!$B$2,[1]ratio_ins!$B:$B,0))*$G5*INDEX([1]ratio_ins!$D:$D,MATCH('001_population_health_zone_zs'!$B5,[1]ratio_ins!$B:$B,0)) -> 15535.042 | AP5: =INDEX([1]ratio_ins!AM:AM,MATCH('001_population_health_zone_zs'!$B$2,[1]ratio_ins!$B:$B,0))*$G5*INDEX([1]ratio_ins!$D:$D,MATCH('001_population_health_zone_zs'!$B5,[1]ratio_ins!$B:$B,0)) -> 10011.472 | AQ5: =INDEX([1]ratio_ins!AN:AN,MATCH('001_population_health_zone_zs'!$B$2,[1]ratio_ins!$B:$B,0))*$G5*INDEX([1]ratio_ins!$D:$D,MATCH('001_population_health_zone_zs'!$B5,[1]ratio_ins!$B:$B,0)) -> 7940.1326 | AR5: =INDEX([1]ratio_ins!AO:AO,MATCH('001_population_health_zone_zs'!$B$2,[1]ratio_ins!$B:$B,0))*$G5*INDEX([1]ratio_ins!$D:$D,MATCH('001_population_health_zone_zs'!$B5,[1]ratio_ins!$B:$B,0)) -> 3797.4547 | AS5: =INDEX([1]ratio_ins!AP:AP,MATCH('001_population_health_zone_zs'!$B$2,[1]ratio_ins!$B:$B,0))*$G5*INDEX([1]ratio_ins!$D:$D,MATCH('001_population_health_zone_zs'!$B5,[1]ratio_ins!$B:$B,0)) -> 141265.32 | AT5: =INDEX([1]ratio_ins!AQ:AQ,MATCH('001_population_health_zone_zs'!$B$2,[1]ratio_ins!$B:$B,0))*$G5*INDEX([1]ratio_ins!$D:$D,MATCH('001_population_health_zone_zs'!$B5,[1]ratio_ins!$B:$B,0)) -> 3452.2316 | AU5: =INDEX([1]ratio_ins!AR:AR,MATCH('001_population_health_zone_zs'!$B$2,[1]ratio_ins!$B:$B,0))*$G5*INDEX([1]ratio_ins!$D:$D,MATCH('001_population_health_zone_zs'!$B5,[1]ratio_ins!$B:$B,0)) -> 2071.3389 | AV5: =INDEX([1]ratio_ins!AS:AS,MATCH('001_population_health_zone_zs'!$B$2,[1]ratio_ins!$B:$B,0))*$G5*INDEX([1]ratio_ins!$D:$D,MATCH('001_population_health_zone_zs'!$B5,[1]ratio_ins!$B:$B,0)) -> 1035.6695 | AW5: =INDEX([1]ratio_ins!AT:AT,MATCH('001_population_health_zone_zs'!$B$2,[1]ratio_ins!$B:$B,0))*$G5*INDEX([1]ratio_ins!$D:$D,MATCH('001_population_health_zone_zs'!$B5,[1]ratio_ins!$B:$B,0)) -> 690.44632 | AX5: =INDEX([1]ratio_ins!AU:AU,MATCH('001_population_health_zone_zs'!$B$2,[1]ratio_ins!$B:$B,0))*$G5*INDEX([1]ratio_ins!$D:$D,MATCH('001_population_health_zone_zs'!$B5,[1]ratio_ins!$B:$B,0)) -> 7249.6863 | AY5: =AI5+AS5+AX5 -> 345223.16 | AZ5: =AC5+AY5 -> 694614 | BA5: 686577.66 | BB5: =SUM(AH5,AJ5,AK5:AP5) -> 146719.84 | BC5: =BB5/G5 -> 0.211225 | BD5: =SUM(L5,N5:T5) -> 145695.98
A6: Kinshasa | B6: CD10 | C6: Kinshasa | D6: CD1000 | E6: Biyela | F6: CD1000ZS05 | G6: 417747 | H6: =INDEX([1]ratio_ins!F:F,MATCH('001_population_health_zone_zs'!$B$2,[1]ratio_ins!$B:$B,0))*$G6*INDEX([1]ratio_ins!$C:$C,MATCH('001_population_health_zone_zs'!$B6,[1]ratio_ins!$B:$B,0)) -> 43916.489 | I6: =INDEX([1]ratio_ins!G:G,MATCH('001_population_health_zone_zs'!$B$2,[1]ratio_ins!$B:$B,0))*$G6*INDEX([1]ratio_ins!$C:$C,MATCH('001_population_health_zone_zs'!$B6,[1]ratio_ins!$B:$B,0)) -> 35931.673 | J6: =INDEX([1]ratio_ins!H:H,MATCH('001_population_health_zone_zs'!$B$2,[1]ratio_ins!$B:$B,0))*$G6*INDEX([1]ratio_ins!$C:$C,MATCH('001_population_health_zone_zs'!$B6,[1]ratio_ins!$B:$B,0)) -> 28367.11 | K6: =INDEX([1]ratio_ins!I:I,MATCH('001_population_health_zone_zs'!$B$2,[1]ratio_ins!$B:$B,0))*$G6*INDEX([1]ratio_ins!$C:$C,MATCH('001_population_health_zone_zs'!$B6,[1]ratio_ins!$B:$B,0)) -> 17440.52 | L6: =INDEX([1]ratio_ins!J:J,MATCH('001_population_health_zone_zs'!$B$2,[1]ratio_ins!$B:$B,0))*$G6*INDEX([1]ratio_ins!$C:$C,MATCH('001_population_health_zone_zs'!$B6,[1]ratio_ins!$B:$B,0)) -> 10464.312 | M6: =INDEX([1]ratio_ins!K:K,MATCH('001_population_health_zone_zs'!$B$2,[1]ratio_ins!$B:$B,0))*$G6*INDEX([1]ratio_ins!$C:$C,MATCH('001_population_health_zone_zs'!$B6,[1]ratio_ins!$B:$B,0)) -> 118679.58 | N6: =INDEX([1]ratio_ins!L:L,MATCH('001_population_health_zone_zs'!$B$2,[1]ratio_ins!$B:$B,0))*$G6*INDEX([1]ratio_ins!$C:$C,MATCH('001_population_health_zone_zs'!$B6,[1]ratio_ins!$B:$B,0)) -> 6976.2078 | O6: =INDEX([1]ratio_ins!M:M,MATCH('001_population_health_zone_zs'!$B$2,[1]ratio_ins!$B:$B,0))*$G6*INDEX([1]ratio_ins!$C:$C,MATCH('001_population_health_zone_zs'!$B6,[1]ratio_ins!$B:$B,0)) -> 15129.125 | P6: =INDEX([1]ratio_ins!N:N,MATCH('001_population_health_zone_zs'!$B$2,[1]ratio_ins!$B:$B,0))*$G6*INDEX([1]ratio_ins!$C:$C,MATCH('001_population_health_zone_zs'!$B6,[1]ratio_ins!$B:$B,0)) -> 13658.238 | Q6: =INDEX([1]ratio_ins!O:O,MATCH('001_population_health_zone_zs'!$B$2,[1]ratio_ins!$B:$B,0))*$G6*INDEX([1]ratio_ins!$C:$C,MATCH('001_population_health_zone_zs'!$B6,[1]ratio_ins!$B:$B,0)) -> 12187.351 | R6: =INDEX([1]ratio_ins!P:P,MATCH('001_population_health_zone_zs'!$B$2,[1]ratio_ins!$B:$B,0))*$G6*INDEX([1]ratio_ins!$C:$C,MATCH('001_population_health_zone_zs'!$B6,[1]ratio_ins!$B:$B,0)) -> 11977.224 | S6: =INDEX([1]ratio_ins!Q:Q,MATCH('001_population_health_zone_zs'!$B$2,[1]ratio_ins!$B:$B,0))*$G6*INDEX([1]ratio_ins!$C:$C,MATCH('001_population_health_zone_zs'!$B6,[1]ratio_ins!$B:$B,0)) -> 10086.084 | T6: =INDEX([1]ratio_ins!R:R,MATCH('001_population_health_zone_zs'!$B$2,[1]ratio_ins!$B:$B,0))*$G6*INDEX([1]ratio_ins!$C:$C,MATCH('001_population_health_zone_zs'!$B6,[1]ratio_ins!$B:$B,0)) -> 7144.3092 | U6: =INDEX([1]ratio_ins!S:S,MATCH('001_population_health_zone_zs'!$B$2,[1]ratio_ins!$B:$B,0))*$G6*INDEX([1]ratio_ins!$C:$C,MATCH('001_population_health_zone_zs'!$B6,[1]ratio_ins!$B:$B,0)) -> 5673.422 | V6: =INDEX([1]ratio_ins!T:T,MATCH('001_population_health_zone_zs'!$B$2,[1]ratio_ins!$B:$B,0))*$G6*INDEX([1]ratio_ins!$C:$C,MATCH('001_population_health_zone_zs'!$B6,[1]ratio_ins!$B:$B,0)) -> 3151.9011 | W6: =INDEX([1]ratio_ins!U:U,MATCH('001_population_health_zone_zs'!$B$2,[1]ratio_ins!$B:$B,0))*$G6*INDEX([1]ratio_ins!$C:$C,MATCH('001_population_health_zone_zs'!$B6,[1]ratio_ins!$B:$B,0)) -> 85983.862 | X6: =INDEX([1]ratio_ins!V:V,MATCH('001_population_health_zone_zs'!$B$2,[1]ratio_ins!$B:$B,0))*$G6*INDEX([1]ratio_ins!$C:$C,MATCH('001_population_health_zone_zs'!$B6,[1]ratio_ins!$B:$B,0)) -> 2521.5209 | Y6: =INDEX([1]ratio_ins!W:W,MATCH('001_population_health_zone_zs'!$B$2,[1]ratio_ins!$B:$B,0))*$G6*INDEX([1]ratio_ins!$C:$C,MATCH('001_population_health_zone_zs'!$B6,[1]ratio_ins!$B:$B,0)) -> 1681.0139 | Z6: =INDEX([1]ratio_ins!X:X,MATCH('001_population_health_zone_zs'!$B$2,[1]ratio_ins!$B:$B,0))*$G6*INDEX([1]ratio_ins!$C:$C,MATCH('001_population_health_zone_zs'!$B6,[1]ratio_ins!$B:$B,0)) -> 840.50696 | AA6: =INDEX([1]ratio_ins!Y:Y,MATCH('001_population_health_zone_zs'!$B$2,[1]ratio_ins!$B:$B,0))*$G6*INDEX([1]ratio_ins!$C:$C,MATCH('001_population_health_zone_zs'!$B6,[1]ratio_ins!$B:$B,0)) -> 420.25348 | AB6: =INDEX([1]ratio_ins!Z:Z,MATCH('001_population_health_zone_zs'!$B$2,[1]ratio_ins!$B:$B,0))*$G6*INDEX([1]ratio_ins!$C:$C,MATCH('001_population_health_zone_zs'!$B6,[1]ratio_ins!$B:$B,0)) -> 5463.2953 | AC6: =M6+W6+AB6 -> 210126.74 | AD6: =INDEX([1]ratio_ins!AA:AA,MATCH('001_population_health_zone_zs'!$B$2,[1]ratio_ins!$B:$B,0))*$G6*INDEX([1]ratio_ins!$D:$D,MATCH('001_population_health_zone_zs'!$B6,[1]ratio_ins!$B:$B,0)) -> 43600.254 | AE6: =INDEX([1]ratio_ins!AB:AB,MATCH('001_population_health_zone_zs'!$B$2,[1]ratio_ins!$B:$B,0))*$G6*INDEX([1]ratio_ins!$D:$D,MATCH('001_population_health_zone_zs'!$B6,[1]ratio_ins!$B:$B,0)) -> 35918.305 | AF6: =INDEX([1]ratio_ins!AC:AC,MATCH('001_population_health_zone_zs'!$B$2,[1]ratio_ins!$B:$B,0))*$G6*INDEX([1]ratio_ins!$D:$D,MATCH('001_population_health_zone_zs'!$B6,[1]ratio_ins!$B:$B,0)) -> 28443.975 | AG6: =INDEX([1]ratio_ins!AD:AD,MATCH('001_population_health_zone_zs'!$B$2,[1]ratio_ins!$B:$B,0))*$G6*INDEX([1]ratio_ins!$D:$D,MATCH('001_population_health_zone_zs'!$B6,[1]ratio_ins!$B:$B,0)) -> 17232.481 | AH6: =INDEX([1]ratio_ins!AE:AE,MATCH('001_population_health_zone_zs'!$B$2,[1]ratio_ins!$B:$B,0))*$G6*INDEX([1]ratio_ins!$D:$D,MATCH('001_population_health_zone_zs'!$B6,[1]ratio_ins!$B:$B,0)) -> 10339.489 | AI6: =INDEX([1]ratio_ins!AF:AF,MATCH('001_population_health_zone_zs'!$B$2,[1]ratio_ins!$B:$B,0))*$G6*INDEX([1]ratio_ins!$D:$D,MATCH('001_population_health_zone_zs'!$B6,[1]ratio_ins!$B:$B,0)) -> 118302.02 | AJ6: =INDEX([1]ratio_ins!AG:AG,MATCH('001_population_health_zone_zs'!$B$2,[1]ratio_ins!$B:$B,0))*$G6*INDEX([1]ratio_ins!$D:$D,MATCH('001_population_health_zone_zs'!$B6,[1]ratio_ins!$B:$B,0)) -> 6892.9926 | AK6: =INDEX([1]ratio_ins!AH:AH,MATCH('001_population_health_zone_zs'!$B$2,[1]ratio_ins!$B:$B,0))*$G6*INDEX([1]ratio_ins!$D:$D,MATCH('001_population_health_zone_zs'!$B6,[1]ratio_ins!$B:$B,0)) -> 15363.899 | AL6: =INDEX([1]ratio_ins!AI:AI,MATCH('001_population_health_zone_zs'!$B$2,[1]ratio_ins!$B:$B,0))*$G6*INDEX([1]ratio_ins!$D:$D,MATCH('001_population_health_zone_zs'!$B6,[1]ratio_ins!$B:$B,0)) -> 14533.418 | AM6: =INDEX([1]ratio_ins!AJ:AJ,MATCH('001_population_health_zone_zs'!$B$2,[1]ratio_ins!$B:$B,0))*$G6*INDEX([1]ratio_ins!$D:$D,MATCH('001_population_health_zone_zs'!$B6,[1]ratio_ins!$B:$B,0)) -> 13287.697 | AN6: =INDEX([1]ratio_ins!AK:AK,MATCH('001_population_health_zone_zs'!$B$2,[1]ratio_ins!$B:$B,0))*$G6*INDEX([1]ratio_ins!$D:$D,MATCH('001_population_health_zone_zs'!$B6,[1]ratio_ins!$B:$B,0)) -> 12457.216 | AO6: =INDEX([1]ratio_ins!AL:AL,MATCH('001_population_health_zone_zs'!$B$2,[1]ratio_ins!$B:$B,0))*$G6*INDEX([1]ratio_ins!$D:$D,MATCH('001_population_health_zone_zs'!$B6,[1]ratio_ins!$B:$B,0)) -> 9342.9117 | AP6: =INDEX([1]ratio_ins!AM:AM,MATCH('001_population_health_zone_zs'!$B$2,[1]ratio_ins!$B:$B,0))*$G6*INDEX([1]ratio_ins!$D:$D,MATCH('001_population_health_zone_zs'!$B6,[1]ratio_ins!$B:$B,0)) -> 6020.9875 | AQ6: =INDEX([1]ratio_ins!AN:AN,MATCH('001_population_health_zone_zs'!$B$2,[1]ratio_ins!$B:$B,0))*$G6*INDEX([1]ratio_ins!$D:$D,MATCH('001_population_health_zone_zs'!$B6,[1]ratio_ins!$B:$B,0)) -> 4775.266 | AR6: =INDEX([1]ratio_ins!AO:AO,MATCH('001_population_health_zone_zs'!$B$2,[1]ratio_ins!$B:$B,0))*$G6*INDEX([1]ratio_ins!$D:$D,MATCH('001_population_health_zone_zs'!$B6,[1]ratio_ins!$B:$B,0)) -> 2283.8228 | AS6: =INDEX([1]ratio_ins!AP:AP,MATCH('001_population_health_zone_zs'!$B$2,[1]ratio_ins!$B:$B,0))*$G6*INDEX([1]ratio_ins!$D:$D,MATCH('001_population_health_zone_zs'!$B6,[1]ratio_ins!$B:$B,0)) -> 84958.21 | AT6: =INDEX([1]ratio_ins!AQ:AQ,MATCH('001_population_health_zone_zs'!$B$2,[1]ratio_ins!$B:$B,0))*$G6*INDEX([1]ratio_ins!$D:$D,MATCH('001_population_health_zone_zs'!$B6,[1]ratio_ins!$B:$B,0)) -> 2076.2026 | AU6: =INDEX([1]ratio_ins!AR:AR,MATCH('001_population_health_zone_zs'!$B$2,[1]ratio_ins!$B:$B,0))*$G6*INDEX([1]ratio_ins!$D:$D,MATCH('001_population_health_zone_zs'!$B6,[1]ratio_ins!$B:$B,0)) -> 1245.7216 | AV6: =INDEX([1]ratio_ins!AS:AS,MATCH('001_population_health_zone_zs'!$B$2,[1]ratio_ins!$B:$B,0))*$G6*INDEX([1]ratio_ins!$D:$D,MATCH('001_population_health_zone_zs'!$B6,[1]ratio_ins!$B:$B,0)) -> 622.86078 | AW6: =INDEX([1]ratio_ins!AT:AT,MATCH('001_population_health_zone_zs'!$B$2,[1]ratio_ins!$B:$B,0))*$G6*INDEX([1]ratio_ins!$D:$D,MATCH('001_population_health_zone_zs'!$B6,[1]ratio_ins!$B:$B,0)) -> 415.24052 | AX6: =INDEX([1]ratio_ins!AU:AU,MATCH('001_population_health_zone_zs'!$B$2,[1]ratio_ins!$B:$B,0))*$G6*INDEX([1]ratio_ins!$D:$D,MATCH('001_population_health_zone_zs'!$B6,[1]ratio_ins!$B:$B,0)) -> 4360.0254 | AY6: =AI6+AS6+AX6 -> 207620.26 | AZ6: =AC6+AY6 -> 417747 | BA6: 412913.56 | BB6: =SUM(AH6,AJ6,AK6:AP6) -> 88238.61 | BC6: =BB6/G6 -> 0.211225 | BD6: =SUM(L6,N6:T6) -> 87622.851
A7: Kinshasa | B7: CD10 | C7: Kinshasa | D7: CD1000 | E7: Bumbu | F7: CD1000ZS06 | G7: 769113 | H7: =INDEX([1]ratio_ins!F:F,MATCH('001_population_health_zone_zs'!$B$2,[1]ratio_ins!$B:$B,0))*$G7*INDEX([1]ratio_ins!$C:$C,MATCH('001_population_health_zone_zs'!$B7,[1]ratio_ins!$B:$B,0)) -> 80854.542 | I7: =INDEX([1]ratio_ins!G:G,MATCH('001_population_health_zone_zs'!$B$2,[1]ratio_ins!$B:$B,0))*$G7*INDEX([1]ratio_ins!$C:$C,MATCH('001_population_health_zone_zs'!$B7,[1]ratio_ins!$B:$B,0)) -> 66153.716 | J7: =INDEX([1]ratio_ins!H:H,MATCH('001_population_health_zone_zs'!$B$2,[1]ratio_ins!$B:$B,0))*$G7*INDEX([1]ratio_ins!$C:$C,MATCH('001_population_health_zone_zs'!$B7,[1]ratio_ins!$B:$B,0)) -> 52226.618 | K7: =INDEX([1]ratio_ins!I:I,MATCH('001_population_health_zone_zs'!$B$2,[1]ratio_ins!$B:$B,0))*$G7*INDEX([1]ratio_ins!$C:$C,MATCH('001_population_health_zone_zs'!$B7,[1]ratio_ins!$B:$B,0)) -> 32109.699 | L7: =INDEX([1]ratio_ins!J:J,MATCH('001_population_health_zone_zs'!$B$2,[1]ratio_ins!$B:$B,0))*$G7*INDEX([1]ratio_ins!$C:$C,MATCH('001_population_health_zone_zs'!$B7,[1]ratio_ins!$B:$B,0)) -> 19265.819 | M7: =INDEX([1]ratio_ins!K:K,MATCH('001_population_health_zone_zs'!$B$2,[1]ratio_ins!$B:$B,0))*$G7*INDEX([1]ratio_ins!$C:$C,MATCH('001_population_health_zone_zs'!$B7,[1]ratio_ins!$B:$B,0)) -> 218500.7 | N7: =INDEX([1]ratio_ins!L:L,MATCH('001_population_health_zone_zs'!$B$2,[1]ratio_ins!$B:$B,0))*$G7*INDEX([1]ratio_ins!$C:$C,MATCH('001_population_health_zone_zs'!$B7,[1]ratio_ins!$B:$B,0)) -> 12843.879 | O7: =INDEX([1]ratio_ins!M:M,MATCH('001_population_health_zone_zs'!$B$2,[1]ratio_ins!$B:$B,0))*$G7*INDEX([1]ratio_ins!$C:$C,MATCH('001_population_health_zone_zs'!$B7,[1]ratio_ins!$B:$B,0)) -> 27854.196 | P7: =INDEX([1]ratio_ins!N:N,MATCH('001_population_health_zone_zs'!$B$2,[1]ratio_ins!$B:$B,0))*$G7*INDEX([1]ratio_ins!$C:$C,MATCH('001_population_health_zone_zs'!$B7,[1]ratio_ins!$B:$B,0)) -> 25146.15 | Q7: =INDEX([1]ratio_ins!O:O,MATCH('001_population_health_zone_zs'!$B$2,[1]ratio_ins!$B:$B,0))*$G7*INDEX([1]ratio_ins!$C:$C,MATCH('001_population_health_zone_zs'!$B7,[1]ratio_ins!$B:$B,0)) -> 22438.103 | R7: =INDEX([1]ratio_ins!P:P,MATCH('001_population_health_zone_zs'!$B$2,[1]ratio_ins!$B:$B,0))*$G7*INDEX([1]ratio_ins!$C:$C,MATCH('001_population_health_zone_zs'!$B7,[1]ratio_ins!$B:$B,0)) -> 22051.239 | S7: =INDEX([1]ratio_ins!Q:Q,MATCH('001_population_health_zone_zs'!$B$2,[1]ratio_ins!$B:$B,0))*$G7*INDEX([1]ratio_ins!$C:$C,MATCH('001_population_health_zone_zs'!$B7,[1]ratio_ins!$B:$B,0)) -> 18569.464 | T7: =INDEX([1]ratio_ins!R:R,MATCH('001_population_health_zone_zs'!$B$2,[1]ratio_ins!$B:$B,0))*$G7*INDEX([1]ratio_ins!$C:$C,MATCH('001_population_health_zone_zs'!$B7,[1]ratio_ins!$B:$B,0)) -> 13153.371 | U7: =INDEX([1]ratio_ins!S:S,MATCH('001_population_health_zone_zs'!$B$2,[1]ratio_ins!$B:$B,0))*$G7*INDEX([1]ratio_ins!$C:$C,MATCH('001_population_health_zone_zs'!$B7,[1]ratio_ins!$B:$B,0)) -> 10445.324 | V7: =INDEX([1]ratio_ins!T:T,MATCH('001_population_health_zone_zs'!$B$2,[1]ratio_ins!$B:$B,0))*$G7*INDEX([1]ratio_ins!$C:$C,MATCH('001_population_health_zone_zs'!$B7,[1]ratio_ins!$B:$B,0)) -> 5802.9576 | W7: =INDEX([1]ratio_ins!U:U,MATCH('001_population_health_zone_zs'!$B$2,[1]ratio_ins!$B:$B,0))*$G7*INDEX([1]ratio_ins!$C:$C,MATCH('001_population_health_zone_zs'!$B7,[1]ratio_ins!$B:$B,0)) -> 158304.68 | X7: =INDEX([1]ratio_ins!V:V,MATCH('001_population_health_zone_zs'!$B$2,[1]ratio_ins!$B:$B,0))*$G7*INDEX([1]ratio_ins!$C:$C,MATCH('001_population_health_zone_zs'!$B7,[1]ratio_ins!$B:$B,0)) -> 4642.3661 | Y7: =INDEX([1]ratio_ins!W:W,MATCH('001_population_health_zone_zs'!$B$2,[1]ratio_ins!$B:$B,0))*$G7*INDEX([1]ratio_ins!$C:$C,MATCH('001_population_health_zone_zs'!$B7,[1]ratio_ins!$B:$B,0)) -> 3094.9107 | Z7: =INDEX([1]ratio_ins!X:X,MATCH('001_population_health_zone_zs'!$B$2,[1]ratio_ins!$B:$B,0))*$G7*INDEX([1]ratio_ins!$C:$C,MATCH('001_population_health_zone_zs'!$B7,[1]ratio_ins!$B:$B,0)) -> 1547.4554 | AA7: =INDEX([1]ratio_ins!Y:Y,MATCH('001_population_health_zone_zs'!$B$2,[1]ratio_ins!$B:$B,0))*$G7*INDEX([1]ratio_ins!$C:$C,MATCH('001_population_health_zone_zs'!$B7,[1]ratio_ins!$B:$B,0)) -> 773.72768 | AB7: =INDEX([1]ratio_ins!Z:Z,MATCH('001_population_health_zone_zs'!$B$2,[1]ratio_ins!$B:$B,0))*$G7*INDEX([1]ratio_ins!$C:$C,MATCH('001_population_health_zone_zs'!$B7,[1]ratio_ins!$B:$B,0)) -> 10058.46 | AC7: =M7+W7+AB7 -> 386863.84 | AD7: =INDEX([1]ratio_ins!AA:AA,MATCH('001_population_health_zone_zs'!$B$2,[1]ratio_ins!$B:$B,0))*$G7*INDEX([1]ratio_ins!$D:$D,MATCH('001_population_health_zone_zs'!$B7,[1]ratio_ins!$B:$B,0)) -> 80272.324 | AE7: =INDEX([1]ratio_ins!AB:AB,MATCH('001_population_health_zone_zs'!$B$2,[1]ratio_ins!$B:$B,0))*$G7*INDEX([1]ratio_ins!$D:$D,MATCH('001_population_health_zone_zs'!$B7,[1]ratio_ins!$B:$B,0)) -> 66129.105 | AF7: =INDEX([1]ratio_ins!AC:AC,MATCH('001_population_health_zone_zs'!$B$2,[1]ratio_ins!$B:$B,0))*$G7*INDEX([1]ratio_ins!$D:$D,MATCH('001_population_health_zone_zs'!$B7,[1]ratio_ins!$B:$B,0)) -> 52368.135 | AG7: =INDEX([1]ratio_ins!AD:AD,MATCH('001_population_health_zone_zs'!$B$2,[1]ratio_ins!$B:$B,0))*$G7*INDEX([1]ratio_ins!$D:$D,MATCH('001_population_health_zone_zs'!$B7,[1]ratio_ins!$B:$B,0)) -> 31726.68 | AH7: =INDEX([1]ratio_ins!AE:AE,MATCH('001_population_health_zone_zs'!$B$2,[1]ratio_ins!$B:$B,0))*$G7*INDEX([1]ratio_ins!$D:$D,MATCH('001_population_health_zone_zs'!$B7,[1]ratio_ins!$B:$B,0)) -> 19036.008 | AI7: =INDEX([1]ratio_ins!AF:AF,MATCH('001_population_health_zone_zs'!$B$2,[1]ratio_ins!$B:$B,0))*$G7*INDEX([1]ratio_ins!$D:$D,MATCH('001_population_health_zone_zs'!$B7,[1]ratio_ins!$B:$B,0)) -> 217805.57 | AJ7: =INDEX([1]ratio_ins!AG:AG,MATCH('001_population_health_zone_zs'!$B$2,[1]ratio_ins!$B:$B,0))*$G7*INDEX([1]ratio_ins!$D:$D,MATCH('001_population_health_zone_zs'!$B7,[1]ratio_ins!$B:$B,0)) -> 12690.672 | AK7: =INDEX([1]ratio_ins!AH:AH,MATCH('001_population_health_zone_zs'!$B$2,[1]ratio_ins!$B:$B,0))*$G7*INDEX([1]ratio_ins!$D:$D,MATCH('001_population_health_zone_zs'!$B7,[1]ratio_ins!$B:$B,0)) -> 28286.438 | AL7: =INDEX([1]ratio_ins!AI:AI,MATCH('001_population_health_zone_zs'!$B$2,[1]ratio_ins!$B:$B,0))*$G7*INDEX([1]ratio_ins!$D:$D,MATCH('001_population_health_zone_zs'!$B7,[1]ratio_ins!$B:$B,0)) -> 26757.441 | AM7: =INDEX([1]ratio_ins!AJ:AJ,MATCH('001_population_health_zone_zs'!$B$2,[1]ratio_ins!$B:$B,0))*$G7*INDEX([1]ratio_ins!$D:$D,MATCH('001_population_health_zone_zs'!$B7,[1]ratio_ins!$B:$B,0)) -> 24463.946 | AN7: =INDEX([1]ratio_ins!AK:AK,MATCH('001_population_health_zone_zs'!$B$2,[1]ratio_ins!$B:$B,0))*$G7*INDEX([1]ratio_ins!$D:$D,MATCH('001_population_health_zone_zs'!$B7,[1]ratio_ins!$B:$B,0)) -> 22934.95 | AO7: =INDEX([1]ratio_ins!AL:AL,MATCH('001_population_health_zone_zs'!$B$2,[1]ratio_ins!$B:$B,0))*$G7*INDEX([1]ratio_ins!$D:$D,MATCH('001_population_health_zone_zs'!$B7,[1]ratio_ins!$B:$B,0)) -> 17201.212 | AP7: =INDEX([1]ratio_ins!AM:AM,MATCH('001_population_health_zone_zs'!$B$2,[1]ratio_ins!$B:$B,0))*$G7*INDEX([1]ratio_ins!$D:$D,MATCH('001_population_health_zone_zs'!$B7,[1]ratio_ins!$B:$B,0)) -> 11085.226 | AQ7: =INDEX([1]ratio_ins!AN:AN,MATCH('001_population_health_zone_zs'!$B$2,[1]ratio_ins!$B:$B,0))*$G7*INDEX([1]ratio_ins!$D:$D,MATCH('001_population_health_zone_zs'!$B7,[1]ratio_ins!$B:$B,0)) -> 8791.7307 | AR7: =INDEX([1]ratio_ins!AO:AO,MATCH('001_population_health_zone_zs'!$B$2,[1]ratio_ins!$B:$B,0))*$G7*INDEX([1]ratio_ins!$D:$D,MATCH('001_population_health_zone_zs'!$B7,[1]ratio_ins!$B:$B,0)) -> 4204.7408 | AS7: =INDEX([1]ratio_ins!AP:AP,MATCH('001_population_health_zone_zs'!$B$2,[1]ratio_ins!$B:$B,0))*$G7*INDEX([1]ratio_ins!$D:$D,MATCH('001_population_health_zone_zs'!$B7,[1]ratio_ins!$B:$B,0)) -> 156416.36 | AT7: =INDEX([1]ratio_ins!AQ:AQ,MATCH('001_population_health_zone_zs'!$B$2,[1]ratio_ins!$B:$B,0))*$G7*INDEX([1]ratio_ins!$D:$D,MATCH('001_population_health_zone_zs'!$B7,[1]ratio_ins!$B:$B,0)) -> 3822.4916 | AU7: =INDEX([1]ratio_ins!AR:AR,MATCH('001_population_health_zone_zs'!$B$2,[1]ratio_ins!$B:$B,0))*$G7*INDEX([1]ratio_ins!$D:$D,MATCH('001_population_health_zone_zs'!$B7,[1]ratio_ins!$B:$B,0)) -> 2293.495 | AV7: =INDEX([1]ratio_ins!AS:AS,MATCH('001_population_health_zone_zs'!$B$2,[1]ratio_ins!$B:$B,0))*$G7*INDEX([1]ratio_ins!$D:$D,MATCH('001_population_health_zone_zs'!$B7,[1]ratio_ins!$B:$B,0)) -> 1146.7475 | AW7: =INDEX([1]ratio_ins!AT:AT,MATCH('001_population_health_zone_zs'!$B$2,[1]ratio_ins!$B:$B,0))*$G7*INDEX([1]ratio_ins!$D:$D,MATCH('001_population_health_zone_zs'!$B7,[1]ratio_ins!$B:$B,0)) -> 764.49832 | AX7: =INDEX([1]ratio_ins!AU:AU,MATCH('001_population_health_zone_zs'!$B$2,[1]ratio_ins!$B:$B,0))*$G7*INDEX([1]ratio_ins!$D:$D,MATCH('001_population_health_zone_zs'!$B7,[1]ratio_ins!$B:$B,0)) -> 8027.2324 | AY7: =AI7+AS7+AX7 -> 382249.16 | AZ7: =AC7+AY7 -> 769113 | BA7: 760215.12 | BB7: =SUM(AH7,AJ7,AK7:AP7) -> 162455.89 | BC7: =BB7/G7 -> 0.211225 | BD7: =SUM(L7,N7:T7) -> 161322.22
A8: Kinshasa | B8: CD10 | C8: Kinshasa | D8: CD1000 | E8: Gombe | F8: CD1000ZS07 | G8: 165407 | H8: =INDEX([1]ratio_ins!F:F,MATCH('001_population_health_zone_zs'!$B$2,[1]ratio_ins!$B:$B,0))*$G8*INDEX([1]ratio_ins!$C:$C,MATCH('001_population_health_zone_zs'!$B8,[1]ratio_ins!$B:$B,0)) -> 17388.742 | I8: =INDEX([1]ratio_ins!G:G,MATCH('001_population_health_zone_zs'!$B$2,[1]ratio_ins!$B:$B,0))*$G8*INDEX([1]ratio_ins!$C:$C,MATCH('001_population_health_zone_zs'!$B8,[1]ratio_ins!$B:$B,0)) -> 14227.152 | J8: =INDEX([1]ratio_ins!H:H,MATCH('001_population_health_zone_zs'!$B$2,[1]ratio_ins!$B:$B,0))*$G8*INDEX([1]ratio_ins!$C:$C,MATCH('001_population_health_zone_zs'!$B8,[1]ratio_ins!$B:$B,0)) -> 11231.962 | K8: =INDEX([1]ratio_ins!I:I,MATCH('001_population_health_zone_zs'!$B$2,[1]ratio_ins!$B:$B,0))*$G8*INDEX([1]ratio_ins!$C:$C,MATCH('001_population_health_zone_zs'!$B8,[1]ratio_ins!$B:$B,0)) -> 6905.5768 | L8: =INDEX([1]ratio_ins!J:J,MATCH('001_population_health_zone_zs'!$B$2,[1]ratio_ins!$B:$B,0))*$G8*INDEX([1]ratio_ins!$C:$C,MATCH('001_population_health_zone_zs'!$B8,[1]ratio_ins!$B:$B,0)) -> 4143.3461 | M8: =INDEX([1]ratio_ins!K:K,MATCH('001_population_health_zone_zs'!$B$2,[1]ratio_ins!$B:$B,0))*$G8*INDEX([1]ratio_ins!$C:$C,MATCH('001_population_health_zone_zs'!$B8,[1]ratio_ins!$B:$B,0)) -> 46991.202 | N8: =INDEX([1]ratio_ins!L:L,MATCH('001_population_health_zone_zs'!$B$2,[1]ratio_ins!$B:$B,0))*$G8*INDEX([1]ratio_ins!$C:$C,MATCH('001_population_health_zone_zs'!$B8,[1]ratio_ins!$B:$B,0)) -> 2762.2307 | O8: =INDEX([1]ratio_ins!M:M,MATCH('001_population_health_zone_zs'!$B$2,[1]ratio_ins!$B:$B,0))*$G8*INDEX([1]ratio_ins!$C:$C,MATCH('001_population_health_zone_zs'!$B8,[1]ratio_ins!$B:$B,0)) -> 5990.3799 | P8: =INDEX([1]ratio_ins!N:N,MATCH('001_population_health_zone_zs'!$B$2,[1]ratio_ins!$B:$B,0))*$G8*INDEX([1]ratio_ins!$C:$C,MATCH('001_population_health_zone_zs'!$B8,[1]ratio_ins!$B:$B,0)) -> 5407.9819 | Q8: =INDEX([1]ratio_ins!O:O,MATCH('001_population_health_zone_zs'!$B$2,[1]ratio_ins!$B:$B,0))*$G8*INDEX([1]ratio_ins!$C:$C,MATCH('001_population_health_zone_zs'!$B8,[1]ratio_ins!$B:$B,0)) -> 4825.5838 | R8: =INDEX([1]ratio_ins!P:P,MATCH('001_population_health_zone_zs'!$B$2,[1]ratio_ins!$B:$B,0))*$G8*INDEX([1]ratio_ins!$C:$C,MATCH('001_population_health_zone_zs'!$B8,[1]ratio_ins!$B:$B,0)) -> 4742.3841 | S8: =INDEX([1]ratio_ins!Q:Q,MATCH('001_population_health_zone_zs'!$B$2,[1]ratio_ins!$B:$B,0))*$G8*INDEX([1]ratio_ins!$C:$C,MATCH('001_population_health_zone_zs'!$B8,[1]ratio_ins!$B:$B,0)) -> 3993.5866 | T8: =INDEX([1]ratio_ins!R:R,MATCH('001_population_health_zone_zs'!$B$2,[1]ratio_ins!$B:$B,0))*$G8*INDEX([1]ratio_ins!$C:$C,MATCH('001_population_health_zone_zs'!$B8,[1]ratio_ins!$B:$B,0)) -> 2828.7905 | U8: =INDEX([1]ratio_ins!S:S,MATCH('001_population_health_zone_zs'!$B$2,[1]ratio_ins!$B:$B,0))*$G8*INDEX([1]ratio_ins!$C:$C,MATCH('001_population_health_zone_zs'!$B8,[1]ratio_ins!$B:$B,0)) -> 2246.3925 | V8: =INDEX([1]ratio_ins!T:T,MATCH('001_population_health_zone_zs'!$B$2,[1]ratio_ins!$B:$B,0))*$G8*INDEX([1]ratio_ins!$C:$C,MATCH('001_population_health_zone_zs'!$B8,[1]ratio_ins!$B:$B,0)) -> 1247.9958 | W8: =INDEX([1]ratio_ins!U:U,MATCH('001_population_health_zone_zs'!$B$2,[1]ratio_ins!$B:$B,0))*$G8*INDEX([1]ratio_ins!$C:$C,MATCH('001_population_health_zone_zs'!$B8,[1]ratio_ins!$B:$B,0)) -> 34045.326 | X8: =INDEX([1]ratio_ins!V:V,MATCH('001_population_health_zone_zs'!$B$2,[1]ratio_ins!$B:$B,0))*$G8*INDEX([1]ratio_ins!$C:$C,MATCH('001_population_health_zone_zs'!$B8,[1]ratio_ins!$B:$B,0)) -> 998.39665 | Y8: =INDEX([1]ratio_ins!W:W,MATCH('001_population_health_zone_zs'!$B$2,[1]ratio_ins!$B:$B,0))*$G8*INDEX([1]ratio_ins!$C:$C,MATCH('001_population_health_zone_zs'!$B8,[1]ratio_ins!$B:$B,0)) -> 665.59777 | Z8: =INDEX([1]ratio_ins!X:X,MATCH('001_population_health_zone_zs'!$B$2,[1]ratio_ins!$B:$B,0))*$G8*INDEX([1]ratio_ins!$C:$C,MATCH('001_population_health_zone_zs'!$B8,[1]ratio_ins!$B:$B,0)) -> 332.79888 | AA8: =INDEX([1]ratio_ins!Y:Y,MATCH('001_population_health_zone_zs'!$B$2,[1]ratio_ins!$B:$B,0))*$G8*INDEX([1]ratio_ins!$C:$C,MATCH('001_population_health_zone_zs'!$B8,[1]ratio_ins!$B:$B,0)) -> 166.39944 | AB8: =INDEX([1]ratio_ins!Z:Z,MATCH('001_population_health_zone_zs'!$B$2,[1]ratio_ins!$B:$B,0))*$G8*INDEX([1]ratio_ins!$C:$C,MATCH('001_population_health_zone_zs'!$B8,[1]ratio_ins!$B:$B,0)) -> 2163.1927 | AC8: =M8+W8+AB8 -> 83199.721 | AD8: =INDEX([1]ratio_ins!AA:AA,MATCH('001_population_health_zone_zs'!$B$2,[1]ratio_ins!$B:$B,0))*$G8*INDEX([1]ratio_ins!$D:$D,MATCH('001_population_health_zone_zs'!$B8,[1]ratio_ins!$B:$B,0)) -> 17263.529 | AE8: =INDEX([1]ratio_ins!AB:AB,MATCH('001_population_health_zone_zs'!$B$2,[1]ratio_ins!$B:$B,0))*$G8*INDEX([1]ratio_ins!$D:$D,MATCH('001_population_health_zone_zs'!$B8,[1]ratio_ins!$B:$B,0)) -> 14221.859 | AF8: =INDEX([1]ratio_ins!AC:AC,MATCH('001_population_health_zone_zs'!$B$2,[1]ratio_ins!$B:$B,0))*$G8*INDEX([1]ratio_ins!$D:$D,MATCH('001_population_health_zone_zs'!$B8,[1]ratio_ins!$B:$B,0)) -> 11262.397 | AG8: =INDEX([1]ratio_ins!AD:AD,MATCH('001_population_health_zone_zs'!$B$2,[1]ratio_ins!$B:$B,0))*$G8*INDEX([1]ratio_ins!$D:$D,MATCH('001_population_health_zone_zs'!$B8,[1]ratio_ins!$B:$B,0)) -> 6823.2042 | AH8: =INDEX([1]ratio_ins!AE:AE,MATCH('001_population_health_zone_zs'!$B$2,[1]ratio_ins!$B:$B,0))*$G8*INDEX([1]ratio_ins!$D:$D,MATCH('001_population_health_zone_zs'!$B8,[1]ratio_ins!$B:$B,0)) -> 4093.9225 | AI8: =INDEX([1]ratio_ins!AF:AF,MATCH('001_population_health_zone_zs'!$B$2,[1]ratio_ins!$B:$B,0))*$G8*INDEX([1]ratio_ins!$D:$D,MATCH('001_population_health_zone_zs'!$B8,[1]ratio_ins!$B:$B,0)) -> 46841.708 | AJ8: =INDEX([1]ratio_ins!AG:AG,MATCH('001_population_health_zone_zs'!$B$2,[1]ratio_ins!$B:$B,0))*$G8*INDEX([1]ratio_ins!$D:$D,MATCH('001_population_health_zone_zs'!$B8,[1]ratio_ins!$B:$B,0)) -> 2729.2817 | AK8: =INDEX([1]ratio_ins!AH:AH,MATCH('001_population_health_zone_zs'!$B$2,[1]ratio_ins!$B:$B,0))*$G8*INDEX([1]ratio_ins!$D:$D,MATCH('001_population_health_zone_zs'!$B8,[1]ratio_ins!$B:$B,0)) -> 6083.3386 | AL8: =INDEX([1]ratio_ins!AI:AI,MATCH('001_population_health_zone_zs'!$B$2,[1]ratio_ins!$B:$B,0))*$G8*INDEX([1]ratio_ins!$D:$D,MATCH('001_population_health_zone_zs'!$B8,[1]ratio_ins!$B:$B,0)) -> 5754.5095 | AM8: =INDEX([1]ratio_ins!AJ:AJ,MATCH('001_population_health_zone_zs'!$B$2,[1]ratio_ins!$B:$B,0))*$G8*INDEX([1]ratio_ins!$D:$D,MATCH('001_population_health_zone_zs'!$B8,[1]ratio_ins!$B:$B,0)) -> 5261.2659 | AN8: =INDEX([1]ratio_ins!AK:AK,MATCH('001_population_health_zone_zs'!$B$2,[1]ratio_ins!$B:$B,0))*$G8*INDEX([1]ratio_ins!$D:$D,MATCH('001_population_health_zone_zs'!$B8,[1]ratio_ins!$B:$B,0)) -> 4932.4367 | AO8: =INDEX([1]ratio_ins!AL:AL,MATCH('001_population_health_zone_zs'!$B$2,[1]ratio_ins!$B:$B,0))*$G8*INDEX([1]ratio_ins!$D:$D,MATCH('001_population_health_zone_zs'!$B8,[1]ratio_ins!$B:$B,0)) -> 3699.3276 | AP8: =INDEX([1]ratio_ins!AM:AM,MATCH('001_population_health_zone_zs'!$B$2,[1]ratio_ins!$B:$B,0))*$G8*INDEX([1]ratio_ins!$D:$D,MATCH('001_population_health_zone_zs'!$B8,[1]ratio_ins!$B:$B,0)) -> 2384.0111 | AQ8: =INDEX([1]ratio_ins!AN:AN,MATCH('001_population_health_zone_zs'!$B$2,[1]ratio_ins!$B:$B,0))*$G8*INDEX([1]ratio_ins!$D:$D,MATCH('001_population_health_zone_zs'!$B8,[1]ratio_ins!$B:$B,0)) -> 1890.7674 | AR8: =INDEX([1]ratio_ins!AO:AO,MATCH('001_population_health_zone_zs'!$B$2,[1]ratio_ins!$B:$B,0))*$G8*INDEX([1]ratio_ins!$D:$D,MATCH('001_population_health_zone_zs'!$B8,[1]ratio_ins!$B:$B,0)) -> 904.28007 | AS8: =INDEX([1]ratio_ins!AP:AP,MATCH('001_population_health_zone_zs'!$B$2,[1]ratio_ins!$B:$B,0))*$G8*INDEX([1]ratio_ins!$D:$D,MATCH('001_population_health_zone_zs'!$B8,[1]ratio_ins!$B:$B,0)) -> 33639.219 | AT8: =INDEX([1]ratio_ins!AQ:AQ,MATCH('001_population_health_zone_zs'!$B$2,[1]ratio_ins!$B:$B,0))*$G8*INDEX([1]ratio_ins!$D:$D,MATCH('001_population_health_zone_zs'!$B8,[1]ratio_ins!$B:$B,0)) -> 822.07279 | AU8: =INDEX([1]ratio_ins!AR:AR,MATCH('001_population_health_zone_zs'!$B$2,[1]ratio_ins!$B:$B,0))*$G8*INDEX([1]ratio_ins!$D:$D,MATCH('001_population_health_zone_zs'!$B8,[1]ratio_ins!$B:$B,0)) -> 493.24367 | AV8: =INDEX([1]ratio_ins!AS:AS,MATCH('001_population_health_zone_zs'!$B$2,[1]ratio_ins!$B:$B,0))*$G8*INDEX([1]ratio_ins!$D:$D,MATCH('001_population_health_zone_zs'!$B8,[1]ratio_ins!$B:$B,0)) -> 246.62184 | AW8: =INDEX([1]ratio_ins!AT:AT,MATCH('001_population_health_zone_zs'!$B$2,[1]ratio_ins!$B:$B,0))*$G8*INDEX([1]ratio_ins!$D:$D,MATCH('001_population_health_zone_zs'!$B8,[1]ratio_ins!$B:$B,0)) -> 164.41456 | AX8: =INDEX([1]ratio_ins!AU:AU,MATCH('001_population_health_zone_zs'!$B$2,[1]ratio_ins!$B:$B,0))*$G8*INDEX([1]ratio_ins!$D:$D,MATCH('001_population_health_zone_zs'!$B8,[1]ratio_ins!$B:$B,0)) -> 1726.3529 | AY8: =AI8+AS8+AX8 -> 82207.279 | AZ8: =AC8+AY8 -> 165407 | BA8: 163493.33 | BB8: =SUM(AH8,AJ8,AK8:AP8) -> 34938.094 | BC8: =BB8/G8 -> 0.211225 | BD8: =SUM(L8,N8:T8) -> 34694.284
A9: Kinshasa | B9: CD10 | C9: Kinshasa | D9: CD1000 | E9: Kalamu I | F9: CD1000ZS08 | G9: 270729 | H9: =INDEX([1]ratio_ins!F:F,MATCH('001_population_health_zone_zs'!$B$2,[1]ratio_ins!$B:$B,0))*$G9*INDEX([1]ratio_ins!$C:$C,MATCH('001_population_health_zone_zs'!$B9,[1]ratio_ins!$B:$B,0)) -> 28460.928 | I9: =INDEX([1]ratio_ins!G:G,MATCH('001_population_health_zone_zs'!$B$2,[1]ratio_ins!$B:$B,0))*$G9*INDEX([1]ratio_ins!$C:$C,MATCH('001_population_health_zone_zs'!$B9,[1]ratio_ins!$B:$B,0)) -> 23286.213 | J9: =INDEX([1]ratio_ins!H:H,MATCH('001_population_health_zone_zs'!$B$2,[1]ratio_ins!$B:$B,0))*$G9*INDEX([1]ratio_ins!$C:$C,MATCH('001_population_health_zone_zs'!$B9,[1]ratio_ins!$B:$B,0)) -> 18383.853 | K9: =INDEX([1]ratio_ins!I:I,MATCH('001_population_health_zone_zs'!$B$2,[1]ratio_ins!$B:$B,0))*$G9*INDEX([1]ratio_ins!$C:$C,MATCH('001_population_health_zone_zs'!$B9,[1]ratio_ins!$B:$B,0)) -> 11302.665 | L9: =INDEX([1]ratio_ins!J:J,MATCH('001_population_health_zone_zs'!$B$2,[1]ratio_ins!$B:$B,0))*$G9*INDEX([1]ratio_ins!$C:$C,MATCH('001_population_health_zone_zs'!$B9,[1]ratio_ins!$B:$B,0)) -> 6781.599 | M9: =INDEX([1]ratio_ins!K:K,MATCH('001_population_health_zone_zs'!$B$2,[1]ratio_ins!$B:$B,0))*$G9*INDEX([1]ratio_ins!$C:$C,MATCH('001_population_health_zone_zs'!$B9,[1]ratio_ins!$B:$B,0)) -> 76912.593 | N9: =INDEX([1]ratio_ins!L:L,MATCH('001_population_health_zone_zs'!$B$2,[1]ratio_ins!$B:$B,0))*$G9*INDEX([1]ratio_ins!$C:$C,MATCH('001_population_health_zone_zs'!$B9,[1]ratio_ins!$B:$B,0)) -> 4521.066 | O9: =INDEX([1]ratio_ins!M:M,MATCH('001_population_health_zone_zs'!$B$2,[1]ratio_ins!$B:$B,0))*$G9*INDEX([1]ratio_ins!$C:$C,MATCH('001_population_health_zone_zs'!$B9,[1]ratio_ins!$B:$B,0)) -> 9804.7215 | P9: =INDEX([1]ratio_ins!N:N,MATCH('001_population_health_zone_zs'!$B$2,[1]ratio_ins!$B:$B,0))*$G9*INDEX([1]ratio_ins!$C:$C,MATCH('001_population_health_zone_zs'!$B9,[1]ratio_ins!$B:$B,0)) -> 8851.4847 | Q9: =INDEX([1]ratio_ins!O:O,MATCH('001_population_health_zone_zs'!$B$2,[1]ratio_ins!$B:$B,0))*$G9*INDEX([1]ratio_ins!$C:$C,MATCH('001_population_health_zone_zs'!$B9,[1]ratio_ins!$B:$B,0)) -> 7898.2478 | R9: =INDEX([1]ratio_ins!P:P,MATCH('001_population_health_zone_zs'!$B$2,[1]ratio_ins!$B:$B,0))*$G9*INDEX([1]ratio_ins!$C:$C,MATCH('001_population_health_zone_zs'!$B9,[1]ratio_ins!$B:$B,0)) -> 7762.0712 | S9: =INDEX([1]ratio_ins!Q:Q,MATCH('001_population_health_zone_zs'!$B$2,[1]ratio_ins!$B:$B,0))*$G9*INDEX([1]ratio_ins!$C:$C,MATCH('001_population_health_zone_zs'!$B9,[1]ratio_ins!$B:$B,0)) -> 6536.481 | T9: =INDEX([1]ratio_ins!R:R,MATCH('001_population_health_zone_zs'!$B$2,[1]ratio_ins!$B:$B,0))*$G9*INDEX([1]ratio_ins!$C:$C,MATCH('001_population_health_zone_zs'!$B9,[1]ratio_ins!$B:$B,0)) -> 4630.0074 | U9: =INDEX([1]ratio_ins!S:S,MATCH('001_population_health_zone_zs'!$B$2,[1]ratio_ins!$B:$B,0))*$G9*INDEX([1]ratio_ins!$C:$C,MATCH('001_population_health_zone_zs'!$B9,[1]ratio_ins!$B:$B,0)) -> 3676.7705 | V9: =INDEX([1]ratio_ins!T:T,MATCH('001_population_health_zone_zs'!$B$2,[1]ratio_ins!$B:$B,0))*$G9*INDEX([1]ratio_ins!$C:$C,MATCH('001_population_health_zone_zs'!$B9,[1]ratio_ins!$B:$B,0)) -> 2042.6503 | W9: =INDEX([1]ratio_ins!U:U,MATCH('001_population_health_zone_zs'!$B$2,[1]ratio_ins!$B:$B,0))*$G9*INDEX([1]ratio_ins!$C:$C,MATCH('001_population_health_zone_zs'!$B9,[1]ratio_ins!$B:$B,0)) -> 55723.5 | X9: =INDEX([1]ratio_ins!V:V,MATCH('001_population_health_zone_zs'!$B$2,[1]ratio_ins!$B:$B,0))*$G9*INDEX([1]ratio_ins!$C:$C,MATCH('001_population_health_zone_zs'!$B9,[1]ratio_ins!$B:$B,0)) -> 1634.1202 | Y9: =INDEX([1]ratio_ins!W:W,MATCH('001_population_health_zone_zs'!$B$2,[1]ratio_ins!$B:$B,0))*$G9*INDEX([1]ratio_ins!$C:$C,MATCH('001_population_health_zone_zs'!$B9,[1]ratio_ins!$B:$B,0)) -> 1089.4135 | Z9: =INDEX([1]ratio_ins!X:X,MATCH('001_population_health_zone_zs'!$B$2,[1]ratio_ins!$B:$B,0))*$G9*INDEX([1]ratio_ins!$C:$C,MATCH('001_population_health_zone_zs'!$B9,[1]ratio_ins!$B:$B,0)) -> 544.70675 | AA9: =INDEX([1]ratio_ins!Y:Y,MATCH('001_population_health_zone_zs'!$B$2,[1]ratio_ins!$B:$B,0))*$G9*INDEX([1]ratio_ins!$C:$C,MATCH('001_population_health_zone_zs'!$B9,[1]ratio_ins!$B:$B,0)) -> 272.35337 | AB9: =INDEX([1]ratio_ins!Z:Z,MATCH('001_population_health_zone_zs'!$B$2,[1]ratio_ins!$B:$B,0))*$G9*INDEX([1]ratio_ins!$C:$C,MATCH('001_population_health_zone_zs'!$B9,[1]ratio_ins!$B:$B,0)) -> 3540.5939 | AC9: =M9+W9+AB9 -> 136176.69 | AD9: =INDEX([1]ratio_ins!AA:AA,MATCH('001_population_health_zone_zs'!$B$2,[1]ratio_ins!$B:$B,0))*$G9*INDEX([1]ratio_ins!$D:$D,MATCH('001_population_health_zone_zs'!$B9,[1]ratio_ins!$B:$B,0)) -> 28255.986 | AE9: =INDEX([1]ratio_ins!AB:AB,MATCH('001_population_health_zone_zs'!$B$2,[1]ratio_ins!$B:$B,0))*$G9*INDEX([1]ratio_ins!$D:$D,MATCH('001_population_health_zone_zs'!$B9,[1]ratio_ins!$B:$B,0)) -> 23277.55 | AF9: =INDEX([1]ratio_ins!AC:AC,MATCH('001_population_health_zone_zs'!$B$2,[1]ratio_ins!$B:$B,0))*$G9*INDEX([1]ratio_ins!$D:$D,MATCH('001_population_health_zone_zs'!$B9,[1]ratio_ins!$B:$B,0)) -> 18433.667 | AG9: =INDEX([1]ratio_ins!AD:AD,MATCH('001_population_health_zone_zs'!$B$2,[1]ratio_ins!$B:$B,0))*$G9*INDEX([1]ratio_ins!$D:$D,MATCH('001_population_health_zone_zs'!$B9,[1]ratio_ins!$B:$B,0)) -> 11167.842 | AH9: =INDEX([1]ratio_ins!AE:AE,MATCH('001_population_health_zone_zs'!$B$2,[1]ratio_ins!$B:$B,0))*$G9*INDEX([1]ratio_ins!$D:$D,MATCH('001_population_health_zone_zs'!$B9,[1]ratio_ins!$B:$B,0)) -> 6700.7052 | AI9: =INDEX([1]ratio_ins!AF:AF,MATCH('001_population_health_zone_zs'!$B$2,[1]ratio_ins!$B:$B,0))*$G9*INDEX([1]ratio_ins!$D:$D,MATCH('001_population_health_zone_zs'!$B9,[1]ratio_ins!$B:$B,0)) -> 76667.908 | AJ9: =INDEX([1]ratio_ins!AG:AG,MATCH('001_population_health_zone_zs'!$B$2,[1]ratio_ins!$B:$B,0))*$G9*INDEX([1]ratio_ins!$D:$D,MATCH('001_population_health_zone_zs'!$B9,[1]ratio_ins!$B:$B,0)) -> 4467.1368 | AK9: =INDEX([1]ratio_ins!AH:AH,MATCH('001_population_health_zone_zs'!$B$2,[1]ratio_ins!$B:$B,0))*$G9*INDEX([1]ratio_ins!$D:$D,MATCH('001_population_health_zone_zs'!$B9,[1]ratio_ins!$B:$B,0)) -> 9956.8712 | AL9: =INDEX([1]ratio_ins!AI:AI,MATCH('001_population_health_zone_zs'!$B$2,[1]ratio_ins!$B:$B,0))*$G9*INDEX([1]ratio_ins!$D:$D,MATCH('001_population_health_zone_zs'!$B9,[1]ratio_ins!$B:$B,0)) -> 9418.6619 | AM9: =INDEX([1]ratio_ins!AJ:AJ,MATCH('001_population_health_zone_zs'!$B$2,[1]ratio_ins!$B:$B,0))*$G9*INDEX([1]ratio_ins!$D:$D,MATCH('001_population_health_zone_zs'!$B9,[1]ratio_ins!$B:$B,0)) -> 8611.348 | AN9: =INDEX([1]ratio_ins!AK:AK,MATCH('001_population_health_zone_zs'!$B$2,[1]ratio_ins!$B:$B,0))*$G9*INDEX([1]ratio_ins!$D:$D,MATCH('001_population_health_zone_zs'!$B9,[1]ratio_ins!$B:$B,0)) -> 8073.1388 | AO9: =INDEX([1]ratio_ins!AL:AL,MATCH('001_population_health_zone_zs'!$B$2,[1]ratio_ins!$B:$B,0))*$G9*INDEX([1]ratio_ins!$D:$D,MATCH('001_population_health_zone_zs'!$B9,[1]ratio_ins!$B:$B,0)) -> 6054.8541 | AP9: =INDEX([1]ratio_ins!AM:AM,MATCH('001_population_health_zone_zs'!$B$2,[1]ratio_ins!$B:$B,0))*$G9*INDEX([1]ratio_ins!$D:$D,MATCH('001_population_health_zone_zs'!$B9,[1]ratio_ins!$B:$B,0)) -> 3902.0171 | AQ9: =INDEX([1]ratio_ins!AN:AN,MATCH('001_population_health_zone_zs'!$B$2,[1]ratio_ins!$B:$B,0))*$G9*INDEX([1]ratio_ins!$D:$D,MATCH('001_population_health_zone_zs'!$B9,[1]ratio_ins!$B:$B,0)) -> 3094.7032 | AR9: =INDEX([1]ratio_ins!AO:AO,MATCH('001_population_health_zone_zs'!$B$2,[1]ratio_ins!$B:$B,0))*$G9*INDEX([1]ratio_ins!$D:$D,MATCH('001_population_health_zone_zs'!$B9,[1]ratio_ins!$B:$B,0)) -> 1480.0754 | AS9: =INDEX([1]ratio_ins!AP:AP,MATCH('001_population_health_zone_zs'!$B$2,[1]ratio_ins!$B:$B,0))*$G9*INDEX([1]ratio_ins!$D:$D,MATCH('001_population_health_zone_zs'!$B9,[1]ratio_ins!$B:$B,0)) -> 55058.806 | AT9: =INDEX([1]ratio_ins!AQ:AQ,MATCH('001_population_health_zone_zs'!$B$2,[1]ratio_ins!$B:$B,0))*$G9*INDEX([1]ratio_ins!$D:$D,MATCH('001_population_health_zone_zs'!$B9,[1]ratio_ins!$B:$B,0)) -> 1345.5231 | AU9: =INDEX([1]ratio_ins!AR:AR,MATCH('001_population_health_zone_zs'!$B$2,[1]ratio_ins!$B:$B,0))*$G9*INDEX([1]ratio_ins!$D:$D,MATCH('001_population_health_zone_zs'!$B9,[1]ratio_ins!$B:$B,0)) -> 807.31388 | AV9: =INDEX([1]ratio_ins!AS:AS,MATCH('001_population_health_zone_zs'!$B$2,[1]ratio_ins!$B:$B,0))*$G9*INDEX([1]ratio_ins!$D:$D,MATCH('001_population_health_zone_zs'!$B9,[1]ratio_ins!$B:$B,0)) -> 403.65694 | AW9: =INDEX([1]ratio_ins!AT:AT,MATCH('001_population_health_zone_zs'!$B$2,[1]ratio_ins!$B:$B,0))*$G9*INDEX([1]ratio_ins!$D:$D,MATCH('001_population_health_zone_zs'!$B9,[1]ratio_ins!$B:$B,0)) -> 269.10463 | AX9: =INDEX([1]ratio_ins!AU:AU,MATCH('001_population_health_zone_zs'!$B$2,[1]ratio_ins!$B:$B,0))*$G9*INDEX([1]ratio_ins!$D:$D,MATCH('001_population_health_zone_zs'!$B9,[1]ratio_ins!$B:$B,0)) -> 2825.5986 | AY9: =AI9+AS9+AX9 -> 134552.31 | AZ9: =AC9+AY9 -> 270729 | BA9: 267596.43 | BB9: =SUM(AH9,AJ9,AK9:AP9) -> 57184.733 | BC9: =BB9/G9 -> 0.211225 | BD9: =SUM(L9,N9:T9) -> 56785.678
A10: Kinshasa | B10: CD10 | C10: Kinshasa | D10: CD1000 | E10: Kalamu II | F10: CD1000ZS09 | G10: 241639 | H10: =INDEX([1]ratio_ins!F:F,MATCH('001_population_health_zone_zs'!$B$2,[1]ratio_ins!$B:$B,0))*$G10*INDEX([1]ratio_ins!$C:$C,MATCH('001_population_health_zone_zs'!$B10,[1]ratio_ins!$B:$B,0)) -> 25402.783 | I10: =INDEX([1]ratio_ins!G:G,MATCH('001_population_health_zone_zs'!$B$2,[1]ratio_ins!$B:$B,0))*$G10*INDEX([1]ratio_ins!$C:$C,MATCH('001_population_health_zone_zs'!$B10,[1]ratio_ins!$B:$B,0)) -> 20784.095 | J10: =INDEX([1]ratio_ins!H:H,MATCH('001_population_health_zone_zs'!$B$2,[1]ratio_ins!$B:$B,0))*$G10*INDEX([1]ratio_ins!$C:$C,MATCH('001_population_health_zone_zs'!$B10,[1]ratio_ins!$B:$B,0)) -> 16408.496 | K10: =INDEX([1]ratio_ins!I:I,MATCH('001_population_health_zone_zs'!$B$2,[1]ratio_ins!$B:$B,0))*$G10*INDEX([1]ratio_ins!$C:$C,MATCH('001_population_health_zone_zs'!$B10,[1]ratio_ins!$B:$B,0)) -> 10088.187 | L10: =INDEX([1]ratio_ins!J:J,MATCH('001_population_health_zone_zs'!$B$2,[1]ratio_ins!$B:$B,0))*$G10*INDEX([1]ratio_ins!$C:$C,MATCH('001_population_health_zone_zs'!$B10,[1]ratio_ins!$B:$B,0)) -> 6052.912 | M10: =INDEX([1]ratio_ins!K:K,MATCH('001_population_health_zone_zs'!$B$2,[1]ratio_ins!$B:$B,0))*$G10*INDEX([1]ratio_ins!$C:$C,MATCH('001_population_health_zone_zs'!$B10,[1]ratio_ins!$B:$B,0)) -> 68648.287 | N10: =INDEX([1]ratio_ins!L:L,MATCH('001_population_health_zone_zs'!$B$2,[1]ratio_ins!$B:$B,0))*$G10*INDEX([1]ratio_ins!$C:$C,MATCH('001_population_health_zone_zs'!$B10,[1]ratio_ins!$B:$B,0)) -> 4035.2746 | O10: =INDEX([1]ratio_ins!M:M,MATCH('001_population_health_zone_zs'!$B$2,[1]ratio_ins!$B:$B,0))*$G10*INDEX([1]ratio_ins!$C:$C,MATCH('001_population_health_zone_zs'!$B10,[1]ratio_ins!$B:$B,0)) -> 8751.198 | P10: =INDEX([1]ratio_ins!N:N,MATCH('001_population_health_zone_zs'!$B$2,[1]ratio_ins!$B:$B,0))*$G10*INDEX([1]ratio_ins!$C:$C,MATCH('001_population_health_zone_zs'!$B10,[1]ratio_ins!$B:$B,0)) -> 7900.3871 | Q10: =INDEX([1]ratio_ins!O:O,MATCH('001_population_health_zone_zs'!$B$2,[1]ratio_ins!$B:$B,0))*$G10*INDEX([1]ratio_ins!$C:$C,MATCH('001_population_health_zone_zs'!$B10,[1]ratio_ins!$B:$B,0)) -> 7049.5762 | R10: =INDEX([1]ratio_ins!P:P,MATCH('001_population_health_zone_zs'!$B$2,[1]ratio_ins!$B:$B,0))*$G10*INDEX([1]ratio_ins!$C:$C,MATCH('001_population_health_zone_zs'!$B10,[1]ratio_ins!$B:$B,0)) -> 6928.0318 | S10: =INDEX([1]ratio_ins!Q:Q,MATCH('001_population_health_zone_zs'!$B$2,[1]ratio_ins!$B:$B,0))*$G10*INDEX([1]ratio_ins!$C:$C,MATCH('001_population_health_zone_zs'!$B10,[1]ratio_ins!$B:$B,0)) -> 5834.132 | T10: =INDEX([1]ratio_ins!R:R,MATCH('001_population_health_zone_zs'!$B$2,[1]ratio_ins!$B:$B,0))*$G10*INDEX([1]ratio_ins!$C:$C,MATCH('001_population_health_zone_zs'!$B10,[1]ratio_ins!$B:$B,0)) -> 4132.5102 | U10: =INDEX([1]ratio_ins!S:S,MATCH('001_population_health_zone_zs'!$B$2,[1]ratio_ins!$B:$B,0))*$G10*INDEX([1]ratio_ins!$C:$C,MATCH('001_population_health_zone_zs'!$B10,[1]ratio_ins!$B:$B,0)) -> 3281.6993 | V10: =INDEX([1]ratio_ins!T:T,MATCH('001_population_health_zone_zs'!$B$2,[1]ratio_ins!$B:$B,0))*$G10*INDEX([1]ratio_ins!$C:$C,MATCH('001_population_health_zone_zs'!$B10,[1]ratio_ins!$B:$B,0)) -> 1823.1663 | W10: =INDEX([1]ratio_ins!U:U,MATCH('001_population_health_zone_zs'!$B$2,[1]ratio_ins!$B:$B,0))*$G10*INDEX([1]ratio_ins!$C:$C,MATCH('001_population_health_zone_zs'!$B10,[1]ratio_ins!$B:$B,0)) -> 49735.975 | X10: =INDEX([1]ratio_ins!V:V,MATCH('001_population_health_zone_zs'!$B$2,[1]ratio_ins!$B:$B,0))*$G10*INDEX([1]ratio_ins!$C:$C,MATCH('001_population_health_zone_zs'!$B10,[1]ratio_ins!$B:$B,0)) -> 1458.533 | Y10: =INDEX([1]ratio_ins!W:W,MATCH('001_population_health_zone_zs'!$B$2,[1]ratio_ins!$B:$B,0))*$G10*INDEX([1]ratio_ins!$C:$C,MATCH('001_population_health_zone_zs'!$B10,[1]ratio_ins!$B:$B,0)) -> 972.35534 | Z10: =INDEX([1]ratio_ins!X:X,MATCH('001_population_health_zone_zs'!$B$2,[1]ratio_ins!$B:$B,0))*$G10*INDEX([1]ratio_ins!$C:$C,MATCH('001_population_health_zone_zs'!$B10,[1]ratio_ins!$B:$B,0)) -> 486.17767 | AA10: =INDEX([1]ratio_ins!Y:Y,MATCH('001_population_health_zone_zs'!$B$2,[1]ratio_ins!$B:$B,0))*$G10*INDEX([1]ratio_ins!$C:$C,MATCH('001_population_health_zone_zs'!$B10,[1]ratio_ins!$B:$B,0)) -> 243.08883 | AB10: =INDEX([1]ratio_ins!Z:Z,MATCH('001_population_health_zone_zs'!$B$2,[1]ratio_ins!$B:$B,0))*$G10*INDEX([1]ratio_ins!$C:$C,MATCH('001_population_health_zone_zs'!$B10,[1]ratio_ins!$B:$B,0)) -> 3160.1548 | AC10: =M10+W10+AB10 -> 121544.42 | AD10: =INDEX([1]ratio_ins!AA:AA,MATCH('001_population_health_zone_zs'!$B$2,[1]ratio_ins!$B:$B,0))*$G10*INDEX([1]ratio_ins!$D:$D,MATCH('001_population_health_zone_zs'!$B10,[1]ratio_ins!$B:$B,0)) -> 25219.862 | AE10: =INDEX([1]ratio_ins!AB:AB,MATCH('001_population_health_zone_zs'!$B$2,[1]ratio_ins!$B:$B,0))*$G10*INDEX([1]ratio_ins!$D:$D,MATCH('001_population_health_zone_zs'!$B10,[1]ratio_ins!$B:$B,0)) -> 20776.363 | AF10: =INDEX([1]ratio_ins!AC:AC,MATCH('001_population_health_zone_zs'!$B$2,[1]ratio_ins!$B:$B,0))*$G10*INDEX([1]ratio_ins!$D:$D,MATCH('001_population_health_zone_zs'!$B10,[1]ratio_ins!$B:$B,0)) -> 16452.958 | AG10: =INDEX([1]ratio_ins!AD:AD,MATCH('001_population_health_zone_zs'!$B$2,[1]ratio_ins!$B:$B,0))*$G10*INDEX([1]ratio_ins!$D:$D,MATCH('001_population_health_zone_zs'!$B10,[1]ratio_ins!$B:$B,0)) -> 9967.8504 | AH10: =INDEX([1]ratio_ins!AE:AE,MATCH('001_population_health_zone_zs'!$B$2,[1]ratio_ins!$B:$B,0))*$G10*INDEX([1]ratio_ins!$D:$D,MATCH('001_population_health_zone_zs'!$B10,[1]ratio_ins!$B:$B,0)) -> 5980.7102 | AI10: =INDEX([1]ratio_ins!AF:AF,MATCH('001_population_health_zone_zs'!$B$2,[1]ratio_ins!$B:$B,0))*$G10*INDEX([1]ratio_ins!$D:$D,MATCH('001_population_health_zone_zs'!$B10,[1]ratio_ins!$B:$B,0)) -> 68429.893 | AJ10: =INDEX([1]ratio_ins!AG:AG,MATCH('001_population_health_zone_zs'!$B$2,[1]ratio_ins!$B:$B,0))*$G10*INDEX([1]ratio_ins!$D:$D,MATCH('001_population_health_zone_zs'!$B10,[1]ratio_ins!$B:$B,0)) -> 3987.1402 | AK10: =INDEX([1]ratio_ins!AH:AH,MATCH('001_population_health_zone_zs'!$B$2,[1]ratio_ins!$B:$B,0))*$G10*INDEX([1]ratio_ins!$D:$D,MATCH('001_population_health_zone_zs'!$B10,[1]ratio_ins!$B:$B,0)) -> 8886.9991 | AL10: =INDEX([1]ratio_ins!AI:AI,MATCH('001_population_health_zone_zs'!$B$2,[1]ratio_ins!$B:$B,0))*$G10*INDEX([1]ratio_ins!$D:$D,MATCH('001_population_health_zone_zs'!$B10,[1]ratio_ins!$B:$B,0)) -> 8406.6208 | AM10: =INDEX([1]ratio_ins!AJ:AJ,MATCH('001_population_health_zone_zs'!$B$2,[1]ratio_ins!$B:$B,0))*$G10*INDEX([1]ratio_ins!$D:$D,MATCH('001_population_health_zone_zs'!$B10,[1]ratio_ins!$B:$B,0)) -> 7686.0533 | AN10: =INDEX([1]ratio_ins!AK:AK,MATCH('001_population_health_zone_zs'!$B$2,[1]ratio_ins!$B:$B,0))*$G10*INDEX([1]ratio_ins!$D:$D,MATCH('001_population_health_zone_zs'!$B10,[1]ratio_ins!$B:$B,0)) -> 7205.675 | AO10: =INDEX([1]ratio_ins!AL:AL,MATCH('001_population_health_zone_zs'!$B$2,[1]ratio_ins!$B:$B,0))*$G10*INDEX([1]ratio_ins!$D:$D,MATCH('001_population_health_zone_zs'!$B10,[1]ratio_ins!$B:$B,0)) -> 5404.2562 | AP10: =INDEX([1]ratio_ins!AM:AM,MATCH('001_population_health_zone_zs'!$B$2,[1]ratio_ins!$B:$B,0))*$G10*INDEX([1]ratio_ins!$D:$D,MATCH('001_population_health_zone_zs'!$B10,[1]ratio_ins!$B:$B,0)) -> 3482.7429 | AQ10: =INDEX([1]ratio_ins!AN:AN,MATCH('001_population_health_zone_zs'!$B$2,[1]ratio_ins!$B:$B,0))*$G10*INDEX([1]ratio_ins!$D:$D,MATCH('001_population_health_zone_zs'!$B10,[1]ratio_ins!$B:$B,0)) -> 2762.1754 | AR10: =INDEX([1]ratio_ins!AO:AO,MATCH('001_population_health_zone_zs'!$B$2,[1]ratio_ins!$B:$B,0))*$G10*INDEX([1]ratio_ins!$D:$D,MATCH('001_population_health_zone_zs'!$B10,[1]ratio_ins!$B:$B,0)) -> 1321.0404 | AS10: =INDEX([1]ratio_ins!AP:AP,MATCH('001_population_health_zone_zs'!$B$2,[1]ratio_ins!$B:$B,0))*$G10*INDEX([1]ratio_ins!$D:$D,MATCH('001_population_health_zone_zs'!$B10,[1]ratio_ins!$B:$B,0)) -> 49142.703 | AT10: =INDEX([1]ratio_ins!AQ:AQ,MATCH('001_population_health_zone_zs'!$B$2,[1]ratio_ins!$B:$B,0))*$G10*INDEX([1]ratio_ins!$D:$D,MATCH('001_population_health_zone_zs'!$B10,[1]ratio_ins!$B:$B,0)) -> 1200.9458 | AU10: =INDEX([1]ratio_ins!AR:AR,MATCH('001_population_health_zone_zs'!$B$2,[1]ratio_ins!$B:$B,0))*$G10*INDEX([1]ratio_ins!$D:$D,MATCH('001_population_health_zone_zs'!$B10,[1]ratio_ins!$B:$B,0)) -> 720.5675 | AV10: =INDEX([1]ratio_ins!AS:AS,MATCH('001_population_health_zone_zs'!$B$2,[1]ratio_ins!$B:$B,0))*$G10*INDEX([1]ratio_ins!$D:$D,MATCH('001_population_health_zone_zs'!$B10,[1]ratio_ins!$B:$B,0)) -> 360.28375 | AW10: =INDEX([1]ratio_ins!AT:AT,MATCH('001_population_health_zone_zs'!$B$2,[1]ratio_ins!$B:$B,0))*$G10*INDEX([1]ratio_ins!$D:$D,MATCH('001_population_health_zone_zs'!$B10,[1]ratio_ins!$B:$B,0)) -> 240.18917 | AX10: =INDEX([1]ratio_ins!AU:AU,MATCH('001_population_health_zone_zs'!$B$2,[1]ratio_ins!$B:$B,0))*$G10*INDEX([1]ratio_ins!$D:$D,MATCH('001_population_health_zone_zs'!$B10,[1]ratio_ins!$B:$B,0)) -> 2521.9862 | AY10: =AI10+AS10+AX10 -> 120094.58 | AZ10: =AC10+AY10 -> 241639 | BA10: 238843.35 | BB10: =SUM(AH10,AJ10,AK10:AP10) -> 51040.198 | BC10: =BB10/G10 -> 0.211225 | BD10: =SUM(L10,N10:T10) -> 50684.022
A11: Kinshasa | B11: CD10 | C11: Kinshasa | D11: CD1000 | E11: Kasa-Vubu | F11: CD1000ZS10 | G11: 246610 | H11: =INDEX([1]ratio_ins!F:F,MATCH('001_population_health_zone_zs'!$B$2,[1]ratio_ins!$B:$B,0))*$G11*INDEX([1]ratio_ins!$C:$C,MATCH('001_population_health_zone_zs'!$B11,[1]ratio_ins!$B:$B,0)) -> 25925.369 | I11: =INDEX([1]ratio_ins!G:G,MATCH('001_population_health_zone_zs'!$B$2,[1]ratio_ins!$B:$B,0))*$G11*INDEX([1]ratio_ins!$C:$C,MATCH('001_population_health_zone_zs'!$B11,[1]ratio_ins!$B:$B,0)) -> 21211.666 | J11: =INDEX([1]ratio_ins!H:H,MATCH('001_population_health_zone_zs'!$B$2,[1]ratio_ins!$B:$B,0))*$G11*INDEX([1]ratio_ins!$C:$C,MATCH('001_population_health_zone_zs'!$B11,[1]ratio_ins!$B:$B,0)) -> 16746.052 | K11: =INDEX([1]ratio_ins!I:I,MATCH('001_population_health_zone_zs'!$B$2,[1]ratio_ins!$B:$B,0))*$G11*INDEX([1]ratio_ins!$C:$C,MATCH('001_population_health_zone_zs'!$B11,[1]ratio_ins!$B:$B,0)) -> 10295.721 | L11: =INDEX([1]ratio_ins!J:J,MATCH('001_population_health_zone_zs'!$B$2,[1]ratio_ins!$B:$B,0))*$G11*INDEX([1]ratio_ins!$C:$C,MATCH('001_population_health_zone_zs'!$B11,[1]ratio_ins!$B:$B,0)) -> 6177.4325 | M11: =INDEX([1]ratio_ins!K:K,MATCH('001_population_health_zone_zs'!$B$2,[1]ratio_ins!$B:$B,0))*$G11*INDEX([1]ratio_ins!$C:$C,MATCH('001_population_health_zone_zs'!$B11,[1]ratio_ins!$B:$B,0)) -> 70060.52 | N11: =INDEX([1]ratio_ins!L:L,MATCH('001_population_health_zone_zs'!$B$2,[1]ratio_ins!$B:$B,0))*$G11*INDEX([1]ratio_ins!$C:$C,MATCH('001_population_health_zone_zs'!$B11,[1]ratio_ins!$B:$B,0)) -> 4118.2884 | O11: =INDEX([1]ratio_ins!M:M,MATCH('001_population_health_zone_zs'!$B$2,[1]ratio_ins!$B:$B,0))*$G11*INDEX([1]ratio_ins!$C:$C,MATCH('001_population_health_zone_zs'!$B11,[1]ratio_ins!$B:$B,0)) -> 8931.2278 | P11: =INDEX([1]ratio_ins!N:N,MATCH('001_population_health_zone_zs'!$B$2,[1]ratio_ins!$B:$B,0))*$G11*INDEX([1]ratio_ins!$C:$C,MATCH('001_population_health_zone_zs'!$B11,[1]ratio_ins!$B:$B,0)) -> 8062.914 | Q11: =INDEX([1]ratio_ins!O:O,MATCH('001_population_health_zone_zs'!$B$2,[1]ratio_ins!$B:$B,0))*$G11*INDEX([1]ratio_ins!$C:$C,MATCH('001_population_health_zone_zs'!$B11,[1]ratio_ins!$B:$B,0)) -> 7194.6001 | R11: =INDEX([1]ratio_ins!P:P,MATCH('001_population_health_zone_zs'!$B$2,[1]ratio_ins!$B:$B,0))*$G11*INDEX([1]ratio_ins!$C:$C,MATCH('001_population_health_zone_zs'!$B11,[1]ratio_ins!$B:$B,0)) -> 7070.5553 | S11: =INDEX([1]ratio_ins!Q:Q,MATCH('001_population_health_zone_zs'!$B$2,[1]ratio_ins!$B:$B,0))*$G11*INDEX([1]ratio_ins!$C:$C,MATCH('001_population_health_zone_zs'!$B11,[1]ratio_ins!$B:$B,0)) -> 5954.1518 | T11: =INDEX([1]ratio_ins!R:R,MATCH('001_population_health_zone_zs'!$B$2,[1]ratio_ins!$B:$B,0))*$G11*INDEX([1]ratio_ins!$C:$C,MATCH('001_population_health_zone_zs'!$B11,[1]ratio_ins!$B:$B,0)) -> 4217.5242 | U11: =INDEX([1]ratio_ins!S:S,MATCH('001_population_health_zone_zs'!$B$2,[1]ratio_ins!$B:$B,0))*$G11*INDEX([1]ratio_ins!$C:$C,MATCH('001_population_health_zone_zs'!$B11,[1]ratio_ins!$B:$B,0)) -> 3349.2104 | V11: =INDEX([1]ratio_ins!T:T,MATCH('001_population_health_zone_zs'!$B$2,[1]ratio_ins!$B:$B,0))*$G11*INDEX([1]ratio_ins!$C:$C,MATCH('001_population_health_zone_zs'!$B11,[1]ratio_ins!$B:$B,0)) -> 1860.6724 | W11: =INDEX([1]ratio_ins!U:U,MATCH('001_population_health_zone_zs'!$B$2,[1]ratio_ins!$B:$B,0))*$G11*INDEX([1]ratio_ins!$C:$C,MATCH('001_population_health_zone_zs'!$B11,[1]ratio_ins!$B:$B,0)) -> 50759.144 | X11: =INDEX([1]ratio_ins!V:V,MATCH('001_population_health_zone_zs'!$B$2,[1]ratio_ins!$B:$B,0))*$G11*INDEX([1]ratio_ins!$C:$C,MATCH('001_population_health_zone_zs'!$B11,[1]ratio_ins!$B:$B,0)) -> 1488.538 | Y11: =INDEX([1]ratio_ins!W:W,MATCH('001_population_health_zone_zs'!$B$2,[1]ratio_ins!$B:$B,0))*$G11*INDEX([1]ratio_ins!$C:$C,MATCH('001_population_health_zone_zs'!$B11,[1]ratio_ins!$B:$B,0)) -> 992.35864 | Z11: =INDEX([1]ratio_ins!X:X,MATCH('001_population_health_zone_zs'!$B$2,[1]ratio_ins!$B:$B,0))*$G11*INDEX([1]ratio_ins!$C:$C,MATCH('001_population_health_zone_zs'!$B11,[1]ratio_ins!$B:$B,0)) -> 496.17932 | AA11: =INDEX([1]ratio_ins!Y:Y,MATCH('001_population_health_zone_zs'!$B$2,[1]ratio_ins!$B:$B,0))*$G11*INDEX([1]ratio_ins!$C:$C,MATCH('001_population_health_zone_zs'!$B11,[1]ratio_ins!$B:$B,0)) -> 248.08966 | AB11: =INDEX([1]ratio_ins!Z:Z,MATCH('001_population_health_zone_zs'!$B$2,[1]ratio_ins!$B:$B,0))*$G11*INDEX([1]ratio_ins!$C:$C,MATCH('001_population_health_zone_zs'!$B11,[1]ratio_ins!$B:$B,0)) -> 3225.1656 | AC11: =M11+W11+AB11 -> 124044.83 | AD11: =INDEX([1]ratio_ins!AA:AA,MATCH('001_population_health_zone_zs'!$B$2,[1]ratio_ins!$B:$B,0))*$G11*INDEX([1]ratio_ins!$D:$D,MATCH('001_population_health_zone_zs'!$B11,[1]ratio_ins!$B:$B,0)) -> 25738.686 | AE11: =INDEX([1]ratio_ins!AB:AB,MATCH('001_population_health_zone_zs'!$B$2,[1]ratio_ins!$B:$B,0))*$G11*INDEX([1]ratio_ins!$D:$D,MATCH('001_population_health_zone_zs'!$B11,[1]ratio_ins!$B:$B,0)) -> 21203.774 | AF11: =INDEX([1]ratio_ins!AC:AC,MATCH('001_population_health_zone_zs'!$B$2,[1]ratio_ins!$B:$B,0))*$G11*INDEX([1]ratio_ins!$D:$D,MATCH('001_population_health_zone_zs'!$B11,[1]ratio_ins!$B:$B,0)) -> 16791.428 | AG11: =INDEX([1]ratio_ins!AD:AD,MATCH('001_population_health_zone_zs'!$B$2,[1]ratio_ins!$B:$B,0))*$G11*INDEX([1]ratio_ins!$D:$D,MATCH('001_population_health_zone_zs'!$B11,[1]ratio_ins!$B:$B,0)) -> 10172.909 | AH11: =INDEX([1]ratio_ins!AE:AE,MATCH('001_population_health_zone_zs'!$B$2,[1]ratio_ins!$B:$B,0))*$G11*INDEX([1]ratio_ins!$D:$D,MATCH('001_population_health_zone_zs'!$B11,[1]ratio_ins!$B:$B,0)) -> 6103.7455 | AI11: =INDEX([1]ratio_ins!AF:AF,MATCH('001_population_health_zone_zs'!$B$2,[1]ratio_ins!$B:$B,0))*$G11*INDEX([1]ratio_ins!$D:$D,MATCH('001_population_health_zone_zs'!$B11,[1]ratio_ins!$B:$B,0)) -> 69837.634 | AJ11: =INDEX([1]ratio_ins!AG:AG,MATCH('001_population_health_zone_zs'!$B$2,[1]ratio_ins!$B:$B,0))*$G11*INDEX([1]ratio_ins!$D:$D,MATCH('001_population_health_zone_zs'!$B11,[1]ratio_ins!$B:$B,0)) -> 4069.1636 | AK11: =INDEX([1]ratio_ins!AH:AH,MATCH('001_population_health_zone_zs'!$B$2,[1]ratio_ins!$B:$B,0))*$G11*INDEX([1]ratio_ins!$D:$D,MATCH('001_population_health_zone_zs'!$B11,[1]ratio_ins!$B:$B,0)) -> 9069.8226 | AL11: =INDEX([1]ratio_ins!AI:AI,MATCH('001_population_health_zone_zs'!$B$2,[1]ratio_ins!$B:$B,0))*$G11*INDEX([1]ratio_ins!$D:$D,MATCH('001_population_health_zone_zs'!$B11,[1]ratio_ins!$B:$B,0)) -> 8579.5619 | AM11: =INDEX([1]ratio_ins!AJ:AJ,MATCH('001_population_health_zone_zs'!$B$2,[1]ratio_ins!$B:$B,0))*$G11*INDEX([1]ratio_ins!$D:$D,MATCH('001_population_health_zone_zs'!$B11,[1]ratio_ins!$B:$B,0)) -> 7844.1709 | AN11: =INDEX([1]ratio_ins!AK:AK,MATCH('001_population_health_zone_zs'!$B$2,[1]ratio_ins!$B:$B,0))*$G11*INDEX([1]ratio_ins!$D:$D,MATCH('001_population_health_zone_zs'!$B11,[1]ratio_ins!$B:$B,0)) -> 7353.9102 | AO11: =INDEX([1]ratio_ins!AL:AL,MATCH('001_population_health_zone_zs'!$B$2,[1]ratio_ins!$B:$B,0))*$G11*INDEX([1]ratio_ins!$D:$D,MATCH('001_population_health_zone_zs'!$B11,[1]ratio_ins!$B:$B,0)) -> 5515.4326 | AP11: =INDEX([1]ratio_ins!AM:AM,MATCH('001_population_health_zone_zs'!$B$2,[1]ratio_ins!$B:$B,0))*$G11*INDEX([1]ratio_ins!$D:$D,MATCH('001_population_health_zone_zs'!$B11,[1]ratio_ins!$B:$B,0)) -> 3554.3899 | AQ11: =INDEX([1]ratio_ins!AN:AN,MATCH('001_population_health_zone_zs'!$B$2,[1]ratio_ins!$B:$B,0))*$G11*INDEX([1]ratio_ins!$D:$D,MATCH('001_population_health_zone_zs'!$B11,[1]ratio_ins!$B:$B,0)) -> 2818.9989 | AR11: =INDEX([1]ratio_ins!AO:AO,MATCH('001_population_health_zone_zs'!$B$2,[1]ratio_ins!$B:$B,0))*$G11*INDEX([1]ratio_ins!$D:$D,MATCH('001_population_health_zone_zs'!$B11,[1]ratio_ins!$B:$B,0)) -> 1348.2169 | AS11: =INDEX([1]ratio_ins!AP:AP,MATCH('001_population_health_zone_zs'!$B$2,[1]ratio_ins!$B:$B,0))*$G11*INDEX([1]ratio_ins!$D:$D,MATCH('001_population_health_zone_zs'!$B11,[1]ratio_ins!$B:$B,0)) -> 50153.668 | AT11: =INDEX([1]ratio_ins!AQ:AQ,MATCH('001_population_health_zone_zs'!$B$2,[1]ratio_ins!$B:$B,0))*$G11*INDEX([1]ratio_ins!$D:$D,MATCH('001_population_health_zone_zs'!$B11,[1]ratio_ins!$B:$B,0)) -> 1225.6517 | AU11: =INDEX([1]ratio_ins!AR:AR,MATCH('001_population_health_zone_zs'!$B$2,[1]ratio_ins!$B:$B,0))*$G11*INDEX([1]ratio_ins!$D:$D,MATCH('001_population_health_zone_zs'!$B11,[1]ratio_ins!$B:$B,0)) -> 735.39102 | AV11: =INDEX([1]ratio_ins!AS:AS,MATCH('001_population_health_zone_zs'!$B$2,[1]ratio_ins!$B:$B,0))*$G11*INDEX([1]ratio_ins!$D:$D,MATCH('001_population_health_zone_zs'!$B11,[1]ratio_ins!$B:$B,0)) -> 367.69551 | AW11: =INDEX([1]ratio_ins!AT:AT,MATCH('001_population_health_zone_zs'!$B$2,[1]ratio_ins!$B:$B,0))*$G11*INDEX([1]ratio_ins!$D:$D,MATCH('001_population_health_zone_zs'!$B11,[1]ratio_ins!$B:$B,0)) -> 245.13034 | AX11: =INDEX([1]ratio_ins!AU:AU,MATCH('001_population_health_zone_zs'!$B$2,[1]ratio_ins!$B:$B,0))*$G11*INDEX([1]ratio_ins!$D:$D,MATCH('001_population_health_zone_zs'!$B11,[1]ratio_ins!$B:$B,0)) -> 2573.8686 | AY11: =AI11+AS11+AX11 -> 122565.17 | AZ11: =AC11+AY11 -> 246610 | BA11: 243757.25 | BB11: =SUM(AH11,AJ11,AK11:AP11) -> 52090.197 | BC11: =BB11/G11 -> 0.211225 | BD11: =SUM(L11,N11:T11) -> 51726.694
A12: Kinshasa | B12: CD10 | C12: Kinshasa | D12: CD1000 | E12: Kikimi | F12: CD1000ZS11 | G12: 477122 | H12: =INDEX([1]ratio_ins!F:F,MATCH('001_population_health_zone_zs'!$B$2,[1]ratio_ins!$B:$B,0))*$G12*INDEX([1]ratio_ins!$C:$C,MATCH('001_population_health_zone_zs'!$B12,[1]ratio_ins!$B:$B,0)) -> 50158.404 | I12: =INDEX([1]ratio_ins!G:G,MATCH('001_population_health_zone_zs'!$B$2,[1]ratio_ins!$B:$B,0))*$G12*INDEX([1]ratio_ins!$C:$C,MATCH('001_population_health_zone_zs'!$B12,[1]ratio_ins!$B:$B,0)) -> 41038.695 | J12: =INDEX([1]ratio_ins!H:H,MATCH('001_population_health_zone_zs'!$B$2,[1]ratio_ins!$B:$B,0))*$G12*INDEX([1]ratio_ins!$C:$C,MATCH('001_population_health_zone_zs'!$B12,[1]ratio_ins!$B:$B,0)) -> 32398.969 | K12: =INDEX([1]ratio_ins!I:I,MATCH('001_population_health_zone_zs'!$B$2,[1]ratio_ins!$B:$B,0))*$G12*INDEX([1]ratio_ins!$C:$C,MATCH('001_population_health_zone_zs'!$B12,[1]ratio_ins!$B:$B,0)) -> 19919.366 | L12: =INDEX([1]ratio_ins!J:J,MATCH('001_population_health_zone_zs'!$B$2,[1]ratio_ins!$B:$B,0))*$G12*INDEX([1]ratio_ins!$C:$C,MATCH('001_population_health_zone_zs'!$B12,[1]ratio_ins!$B:$B,0)) -> 11951.62 | M12: =INDEX([1]ratio_ins!K:K,MATCH('001_population_health_zone_zs'!$B$2,[1]ratio_ins!$B:$B,0))*$G12*INDEX([1]ratio_ins!$C:$C,MATCH('001_population_health_zone_zs'!$B12,[1]ratio_ins!$B:$B,0)) -> 135547.69 | N12: =INDEX([1]ratio_ins!L:L,MATCH('001_population_health_zone_zs'!$B$2,[1]ratio_ins!$B:$B,0))*$G12*INDEX([1]ratio_ins!$C:$C,MATCH('001_population_health_zone_zs'!$B12,[1]ratio_ins!$B:$B,0)) -> 7967.7466 | O12: =INDEX([1]ratio_ins!M:M,MATCH('001_population_health_zone_zs'!$B$2,[1]ratio_ins!$B:$B,0))*$G12*INDEX([1]ratio_ins!$C:$C,MATCH('001_population_health_zone_zs'!$B12,[1]ratio_ins!$B:$B,0)) -> 17279.45 | P12: =INDEX([1]ratio_ins!N:N,MATCH('001_population_health_zone_zs'!$B$2,[1]ratio_ins!$B:$B,0))*$G12*INDEX([1]ratio_ins!$C:$C,MATCH('001_population_health_zone_zs'!$B12,[1]ratio_ins!$B:$B,0)) -> 15599.504 | Q12: =INDEX([1]ratio_ins!O:O,MATCH('001_population_health_zone_zs'!$B$2,[1]ratio_ins!$B:$B,0))*$G12*INDEX([1]ratio_ins!$C:$C,MATCH('001_population_health_zone_zs'!$B12,[1]ratio_ins!$B:$B,0)) -> 13919.557 | R12: =INDEX([1]ratio_ins!P:P,MATCH('001_population_health_zone_zs'!$B$2,[1]ratio_ins!$B:$B,0))*$G12*INDEX([1]ratio_ins!$C:$C,MATCH('001_population_health_zone_zs'!$B12,[1]ratio_ins!$B:$B,0)) -> 13679.565 | S12: =INDEX([1]ratio_ins!Q:Q,MATCH('001_population_health_zone_zs'!$B$2,[1]ratio_ins!$B:$B,0))*$G12*INDEX([1]ratio_ins!$C:$C,MATCH('001_population_health_zone_zs'!$B12,[1]ratio_ins!$B:$B,0)) -> 11519.634 | T12: =INDEX([1]ratio_ins!R:R,MATCH('001_population_health_zone_zs'!$B$2,[1]ratio_ins!$B:$B,0))*$G12*INDEX([1]ratio_ins!$C:$C,MATCH('001_population_health_zone_zs'!$B12,[1]ratio_ins!$B:$B,0)) -> 8159.7404 | U12: =INDEX([1]ratio_ins!S:S,MATCH('001_population_health_zone_zs'!$B$2,[1]ratio_ins!$B:$B,0))*$G12*INDEX([1]ratio_ins!$C:$C,MATCH('001_population_health_zone_zs'!$B12,[1]ratio_ins!$B:$B,0)) -> 6479.7939 | V12: =INDEX([1]ratio_ins!T:T,MATCH('001_population_health_zone_zs'!$B$2,[1]ratio_ins!$B:$B,0))*$G12*INDEX([1]ratio_ins!$C:$C,MATCH('001_population_health_zone_zs'!$B12,[1]ratio_ins!$B:$B,0)) -> 3599.8855 | W12: =INDEX([1]ratio_ins!U:U,MATCH('001_population_health_zone_zs'!$B$2,[1]ratio_ins!$B:$B,0))*$G12*INDEX([1]ratio_ins!$C:$C,MATCH('001_population_health_zone_zs'!$B12,[1]ratio_ins!$B:$B,0)) -> 98204.876 | X12: =INDEX([1]ratio_ins!V:V,MATCH('001_population_health_zone_zs'!$B$2,[1]ratio_ins!$B:$B,0))*$G12*INDEX([1]ratio_ins!$C:$C,MATCH('001_population_health_zone_zs'!$B12,[1]ratio_ins!$B:$B,0)) -> 2879.9084 | Y12: =INDEX([1]ratio_ins!W:W,MATCH('001_population_health_zone_zs'!$B$2,[1]ratio_ins!$B:$B,0))*$G12*INDEX([1]ratio_ins!$C:$C,MATCH('001_population_health_zone_zs'!$B12,[1]ratio_ins!$B:$B,0)) -> 1919.9389 | Z12: =INDEX([1]ratio_ins!X:X,MATCH('001_population_health_zone_zs'!$B$2,[1]ratio_ins!$B:$B,0))*$G12*INDEX([1]ratio_ins!$C:$C,MATCH('001_population_health_zone_zs'!$B12,[1]ratio_ins!$B:$B,0)) -> 959.96946 | AA12: =INDEX([1]ratio_ins!Y:Y,MATCH('001_population_health_zone_zs'!$B$2,[1]ratio_ins!$B:$B,0))*$G12*INDEX([1]ratio_ins!$C:$C,MATCH('001_population_health_zone_zs'!$B12,[1]ratio_ins!$B:$B,0)) -> 479.98473 | AB12: =INDEX([1]ratio_ins!Z:Z,MATCH('001_population_health_zone_zs'!$B$2,[1]ratio_ins!$B:$B,0))*$G12*INDEX([1]ratio_ins!$C:$C,MATCH('001_population_health_zone_zs'!$B12,[1]ratio_ins!$B:$B,0)) -> 6239.8015 | AC12: =M12+W12+AB12 -> 239992.37 | AD12: =INDEX([1]ratio_ins!AA:AA,MATCH('001_population_health_zone_zs'!$B$2,[1]ratio_ins!$B:$B,0))*$G12*INDEX([1]ratio_ins!$D:$D,MATCH('001_population_health_zone_zs'!$B12,[1]ratio_ins!$B:$B,0)) -> 49797.223 | AE12: =INDEX([1]ratio_ins!AB:AB,MATCH('001_population_health_zone_zs'!$B$2,[1]ratio_ins!$B:$B,0))*$G12*INDEX([1]ratio_ins!$D:$D,MATCH('001_population_health_zone_zs'!$B12,[1]ratio_ins!$B:$B,0)) -> 41023.427 | AF12: =INDEX([1]ratio_ins!AC:AC,MATCH('001_population_health_zone_zs'!$B$2,[1]ratio_ins!$B:$B,0))*$G12*INDEX([1]ratio_ins!$D:$D,MATCH('001_population_health_zone_zs'!$B12,[1]ratio_ins!$B:$B,0)) -> 32486.76 | AG12: =INDEX([1]ratio_ins!AD:AD,MATCH('001_population_health_zone_zs'!$B$2,[1]ratio_ins!$B:$B,0))*$G12*INDEX([1]ratio_ins!$D:$D,MATCH('001_population_health_zone_zs'!$B12,[1]ratio_ins!$B:$B,0)) -> 19681.76 | AH12: =INDEX([1]ratio_ins!AE:AE,MATCH('001_population_health_zone_zs'!$B$2,[1]ratio_ins!$B:$B,0))*$G12*INDEX([1]ratio_ins!$D:$D,MATCH('001_population_health_zone_zs'!$B12,[1]ratio_ins!$B:$B,0)) -> 11809.056 | AI12: =INDEX([1]ratio_ins!AF:AF,MATCH('001_population_health_zone_zs'!$B$2,[1]ratio_ins!$B:$B,0))*$G12*INDEX([1]ratio_ins!$D:$D,MATCH('001_population_health_zone_zs'!$B12,[1]ratio_ins!$B:$B,0)) -> 135116.47 | AJ12: =INDEX([1]ratio_ins!AG:AG,MATCH('001_population_health_zone_zs'!$B$2,[1]ratio_ins!$B:$B,0))*$G12*INDEX([1]ratio_ins!$D:$D,MATCH('001_population_health_zone_zs'!$B12,[1]ratio_ins!$B:$B,0)) -> 7872.7038 | AK12: =INDEX([1]ratio_ins!AH:AH,MATCH('001_population_health_zone_zs'!$B$2,[1]ratio_ins!$B:$B,0))*$G12*INDEX([1]ratio_ins!$D:$D,MATCH('001_population_health_zone_zs'!$B12,[1]ratio_ins!$B:$B,0)) -> 17547.593 | AL12: =INDEX([1]ratio_ins!AI:AI,MATCH('001_population_health_zone_zs'!$B$2,[1]ratio_ins!$B:$B,0))*$G12*INDEX([1]ratio_ins!$D:$D,MATCH('001_population_health_zone_zs'!$B12,[1]ratio_ins!$B:$B,0)) -> 16599.074 | AM12: =INDEX([1]ratio_ins!AJ:AJ,MATCH('001_population_health_zone_zs'!$B$2,[1]ratio_ins!$B:$B,0))*$G12*INDEX([1]ratio_ins!$D:$D,MATCH('001_population_health_zone_zs'!$B12,[1]ratio_ins!$B:$B,0)) -> 15176.297 | AN12: =INDEX([1]ratio_ins!AK:AK,MATCH('001_population_health_zone_zs'!$B$2,[1]ratio_ins!$B:$B,0))*$G12*INDEX([1]ratio_ins!$D:$D,MATCH('001_population_health_zone_zs'!$B12,[1]ratio_ins!$B:$B,0)) -> 14227.778 | AO12: =INDEX([1]ratio_ins!AL:AL,MATCH('001_population_health_zone_zs'!$B$2,[1]ratio_ins!$B:$B,0))*$G12*INDEX([1]ratio_ins!$D:$D,MATCH('001_population_health_zone_zs'!$B12,[1]ratio_ins!$B:$B,0)) -> 10670.834 | AP12: =INDEX([1]ratio_ins!AM:AM,MATCH('001_population_health_zone_zs'!$B$2,[1]ratio_ins!$B:$B,0))*$G12*INDEX([1]ratio_ins!$D:$D,MATCH('001_population_health_zone_zs'!$B12,[1]ratio_ins!$B:$B,0)) -> 6876.7594 | AQ12: =INDEX([1]ratio_ins!AN:AN,MATCH('001_population_health_zone_zs'!$B$2,[1]ratio_ins!$B:$B,0))*$G12*INDEX([1]ratio_ins!$D:$D,MATCH('001_population_health_zone_zs'!$B12,[1]ratio_ins!$B:$B,0)) -> 5453.9816 | AR12: =INDEX([1]ratio_ins!AO:AO,MATCH('001_population_health_zone_zs'!$B$2,[1]ratio_ins!$B:$B,0))*$G12*INDEX([1]ratio_ins!$D:$D,MATCH('001_population_health_zone_zs'!$B12,[1]ratio_ins!$B:$B,0)) -> 2608.426 | AS12: =INDEX([1]ratio_ins!AP:AP,MATCH('001_population_health_zone_zs'!$B$2,[1]ratio_ins!$B:$B,0))*$G12*INDEX([1]ratio_ins!$D:$D,MATCH('001_population_health_zone_zs'!$B12,[1]ratio_ins!$B:$B,0)) -> 97033.446 | AT12: =INDEX([1]ratio_ins!AQ:AQ,MATCH('001_population_health_zone_zs'!$B$2,[1]ratio_ins!$B:$B,0))*$G12*INDEX([1]ratio_ins!$D:$D,MATCH('001_population_health_zone_zs'!$B12,[1]ratio_ins!$B:$B,0)) -> 2371.2963 | AU12: =INDEX([1]ratio_ins!AR:AR,MATCH('001_population_health_zone_zs'!$B$2,[1]ratio_ins!$B:$B,0))*$G12*INDEX([1]ratio_ins!$D:$D,MATCH('001_population_health_zone_zs'!$B12,[1]ratio_ins!$B:$B,0)) -> 1422.7778 | AV12: =INDEX([1]ratio_ins!AS:AS,MATCH('001_population_health_zone_zs'!$B$2,[1]ratio_ins!$B:$B,0))*$G12*INDEX([1]ratio_ins!$D:$D,MATCH('001_population_health_zone_zs'!$B12,[1]ratio_ins!$B:$B,0)) -> 711.3889 | AW12: =INDEX([1]ratio_ins!AT:AT,MATCH('001_population_health_zone_zs'!$B$2,[1]ratio_ins!$B:$B,0))*$G12*INDEX([1]ratio_ins!$D:$D,MATCH('001_population_health_zone_zs'!$B12,[1]ratio_ins!$B:$B,0)) -> 474.25927 | AX12: =INDEX([1]ratio_ins!AU:AU,MATCH('001_population_health_zone_zs'!$B$2,[1]ratio_ins!$B:$B,0))*$G12*INDEX([1]ratio_ins!$D:$D,MATCH('001_population_health_zone_zs'!$B12,[1]ratio_ins!$B:$B,0)) -> 4979.7223 | AY12: =AI12+AS12+AX12 -> 237129.63 | AZ12: =AC12+AY12 -> 477122 | BA12: 471601.62 | BB12: =SUM(AH12,AJ12,AK12:AP12) -> 100780.09 | BC12: =BB12/G12 -> 0.211225 | BD12: =SUM(L12,N12:T12) -> 100076.82
A13: Kinshasa | B13: CD10 | C13: Kinshasa | D13: CD1000 | E13: Kimbanseke | F13: CD1000ZS12 | G13: 522141 | H13: =INDEX([1]ratio_ins!F:F,MATCH('001_population_health_zone_zs'!$B$2,[1]ratio_ins!$B:$B,0))*$G13*INDEX([1]ratio_ins!$C:$C,MATCH('001_population_health_zone_zs'!$B13,[1]ratio_ins!$B:$B,0)) -> 54891.117 | I13: =INDEX([1]ratio_ins!G:G,MATCH('001_population_health_zone_zs'!$B$2,[1]ratio_ins!$B:$B,0))*$G13*INDEX([1]ratio_ins!$C:$C,MATCH('001_population_health_zone_zs'!$B13,[1]ratio_ins!$B:$B,0)) -> 44910.914 | J13: =INDEX([1]ratio_ins!H:H,MATCH('001_population_health_zone_zs'!$B$2,[1]ratio_ins!$B:$B,0))*$G13*INDEX([1]ratio_ins!$C:$C,MATCH('001_population_health_zone_zs'!$B13,[1]ratio_ins!$B:$B,0)) -> 35455.985 | K13: =INDEX([1]ratio_ins!I:I,MATCH('001_population_health_zone_zs'!$B$2,[1]ratio_ins!$B:$B,0))*$G13*INDEX([1]ratio_ins!$C:$C,MATCH('001_population_health_zone_zs'!$B13,[1]ratio_ins!$B:$B,0)) -> 21798.865 | L13: =INDEX([1]ratio_ins!J:J,MATCH('001_population_health_zone_zs'!$B$2,[1]ratio_ins!$B:$B,0))*$G13*INDEX([1]ratio_ins!$C:$C,MATCH('001_population_health_zone_zs'!$B13,[1]ratio_ins!$B:$B,0)) -> 13079.319 | M13: =INDEX([1]ratio_ins!K:K,MATCH('001_population_health_zone_zs'!$B$2,[1]ratio_ins!$B:$B,0))*$G13*INDEX([1]ratio_ins!$C:$C,MATCH('001_population_health_zone_zs'!$B13,[1]ratio_ins!$B:$B,0)) -> 148337.33 | N13: =INDEX([1]ratio_ins!L:L,MATCH('001_population_health_zone_zs'!$B$2,[1]ratio_ins!$B:$B,0))*$G13*INDEX([1]ratio_ins!$C:$C,MATCH('001_population_health_zone_zs'!$B13,[1]ratio_ins!$B:$B,0)) -> 8719.5458 | O13: =INDEX([1]ratio_ins!M:M,MATCH('001_population_health_zone_zs'!$B$2,[1]ratio_ins!$B:$B,0))*$G13*INDEX([1]ratio_ins!$C:$C,MATCH('001_population_health_zone_zs'!$B13,[1]ratio_ins!$B:$B,0)) -> 18909.858 | P13: =INDEX([1]ratio_ins!N:N,MATCH('001_population_health_zone_zs'!$B$2,[1]ratio_ins!$B:$B,0))*$G13*INDEX([1]ratio_ins!$C:$C,MATCH('001_population_health_zone_zs'!$B13,[1]ratio_ins!$B:$B,0)) -> 17071.4 | Q13: =INDEX([1]ratio_ins!O:O,MATCH('001_population_health_zone_zs'!$B$2,[1]ratio_ins!$B:$B,0))*$G13*INDEX([1]ratio_ins!$C:$C,MATCH('001_population_health_zone_zs'!$B13,[1]ratio_ins!$B:$B,0)) -> 15232.942 | R13: =INDEX([1]ratio_ins!P:P,MATCH('001_population_health_zone_zs'!$B$2,[1]ratio_ins!$B:$B,0))*$G13*INDEX([1]ratio_ins!$C:$C,MATCH('001_population_health_zone_zs'!$B13,[1]ratio_ins!$B:$B,0)) -> 14970.305 | S13: =INDEX([1]ratio_ins!Q:Q,MATCH('001_population_health_zone_zs'!$B$2,[1]ratio_ins!$B:$B,0))*$G13*INDEX([1]ratio_ins!$C:$C,MATCH('001_population_health_zone_zs'!$B13,[1]ratio_ins!$B:$B,0)) -> 12606.572 | T13: =INDEX([1]ratio_ins!R:R,MATCH('001_population_health_zone_zs'!$B$2,[1]ratio_ins!$B:$B,0))*$G13*INDEX([1]ratio_ins!$C:$C,MATCH('001_population_health_zone_zs'!$B13,[1]ratio_ins!$B:$B,0)) -> 8929.6554 | U13: =INDEX([1]ratio_ins!S:S,MATCH('001_population_health_zone_zs'!$B$2,[1]ratio_ins!$B:$B,0))*$G13*INDEX([1]ratio_ins!$C:$C,MATCH('001_population_health_zone_zs'!$B13,[1]ratio_ins!$B:$B,0)) -> 7091.1969 | V13: =INDEX([1]ratio_ins!T:T,MATCH('001_population_health_zone_zs'!$B$2,[1]ratio_ins!$B:$B,0))*$G13*INDEX([1]ratio_ins!$C:$C,MATCH('001_population_health_zone_zs'!$B13,[1]ratio_ins!$B:$B,0)) -> 3939.5538 | W13: =INDEX([1]ratio_ins!U:U,MATCH('001_population_health_zone_zs'!$B$2,[1]ratio_ins!$B:$B,0))*$G13*INDEX([1]ratio_ins!$C:$C,MATCH('001_population_health_zone_zs'!$B13,[1]ratio_ins!$B:$B,0)) -> 107471.03 | X13: =INDEX([1]ratio_ins!V:V,MATCH('001_population_health_zone_zs'!$B$2,[1]ratio_ins!$B:$B,0))*$G13*INDEX([1]ratio_ins!$C:$C,MATCH('001_population_health_zone_zs'!$B13,[1]ratio_ins!$B:$B,0)) -> 3151.6431 | Y13: =INDEX([1]ratio_ins!W:W,MATCH('001_population_health_zone_zs'!$B$2,[1]ratio_ins!$B:$B,0))*$G13*INDEX([1]ratio_ins!$C:$C,MATCH('001_population_health_zone_zs'!$B13,[1]ratio_ins!$B:$B,0)) -> 2101.0954 | Z13: =INDEX([1]ratio_ins!X:X,MATCH('001_population_health_zone_zs'!$B$2,[1]ratio_ins!$B:$B,0))*$G13*INDEX([1]ratio_ins!$C:$C,MATCH('001_population_health_zone_zs'!$B13,[1]ratio_ins!$B:$B,0)) -> 1050.5477 | AA13: =INDEX([1]ratio_ins!Y:Y,MATCH('001_population_health_zone_zs'!$B$2,[1]ratio_ins!$B:$B,0))*$G13*INDEX([1]ratio_ins!$C:$C,MATCH('001_population_health_zone_zs'!$B13,[1]ratio_ins!$B:$B,0)) -> 525.27385 | AB13: =INDEX([1]ratio_ins!Z:Z,MATCH('001_population_health_zone_zs'!$B$2,[1]ratio_ins!$B:$B,0))*$G13*INDEX([1]ratio_ins!$C:$C,MATCH('001_population_health_zone_zs'!$B13,[1]ratio_ins!$B:$B,0)) -> 6828.56 | AC13: =M13+W13+AB13 -> 262636.92 | AD13: =INDEX([1]ratio_ins!AA:AA,MATCH('001_population_health_zone_zs'!$B$2,[1]ratio_ins!$B:$B,0))*$G13*INDEX([1]ratio_ins!$D:$D,MATCH('001_population_health_zone_zs'!$B13,[1]ratio_ins!$B:$B,0)) -> 54495.856 | AE13: =INDEX([1]ratio_ins!AB:AB,MATCH('001_population_health_zone_zs'!$B$2,[1]ratio_ins!$B:$B,0))*$G13*INDEX([1]ratio_ins!$D:$D,MATCH('001_population_health_zone_zs'!$B13,[1]ratio_ins!$B:$B,0)) -> 44894.205 | AF13: =INDEX([1]ratio_ins!AC:AC,MATCH('001_population_health_zone_zs'!$B$2,[1]ratio_ins!$B:$B,0))*$G13*INDEX([1]ratio_ins!$D:$D,MATCH('001_population_health_zone_zs'!$B13,[1]ratio_ins!$B:$B,0)) -> 35552.059 | AG13: =INDEX([1]ratio_ins!AD:AD,MATCH('001_population_health_zone_zs'!$B$2,[1]ratio_ins!$B:$B,0))*$G13*INDEX([1]ratio_ins!$D:$D,MATCH('001_population_health_zone_zs'!$B13,[1]ratio_ins!$B:$B,0)) -> 21538.838 | AH13: =INDEX([1]ratio_ins!AE:AE,MATCH('001_population_health_zone_zs'!$B$2,[1]ratio_ins!$B:$B,0))*$G13*INDEX([1]ratio_ins!$D:$D,MATCH('001_population_health_zone_zs'!$B13,[1]ratio_ins!$B:$B,0)) -> 12923.303 | AI13: =INDEX([1]ratio_ins!AF:AF,MATCH('001_population_health_zone_zs'!$B$2,[1]ratio_ins!$B:$B,0))*$G13*INDEX([1]ratio_ins!$D:$D,MATCH('001_population_health_zone_zs'!$B13,[1]ratio_ins!$B:$B,0)) -> 147865.42 | AJ13: =INDEX([1]ratio_ins!AG:AG,MATCH('001_population_health_zone_zs'!$B$2,[1]ratio_ins!$B:$B,0))*$G13*INDEX([1]ratio_ins!$D:$D,MATCH('001_population_health_zone_zs'!$B13,[1]ratio_ins!$B:$B,0)) -> 8615.5354 | AK13: =INDEX([1]ratio_ins!AH:AH,MATCH('001_population_health_zone_zs'!$B$2,[1]ratio_ins!$B:$B,0))*$G13*INDEX([1]ratio_ins!$D:$D,MATCH('001_population_health_zone_zs'!$B13,[1]ratio_ins!$B:$B,0)) -> 19203.302 | AL13: =INDEX([1]ratio_ins!AI:AI,MATCH('001_population_health_zone_zs'!$B$2,[1]ratio_ins!$B:$B,0))*$G13*INDEX([1]ratio_ins!$D:$D,MATCH('001_population_health_zone_zs'!$B13,[1]ratio_ins!$B:$B,0)) -> 18165.285 | AM13: =INDEX([1]ratio_ins!AJ:AJ,MATCH('001_population_health_zone_zs'!$B$2,[1]ratio_ins!$B:$B,0))*$G13*INDEX([1]ratio_ins!$D:$D,MATCH('001_population_health_zone_zs'!$B13,[1]ratio_ins!$B:$B,0)) -> 16608.261 | AN13: =INDEX([1]ratio_ins!AK:AK,MATCH('001_population_health_zone_zs'!$B$2,[1]ratio_ins!$B:$B,0))*$G13*INDEX([1]ratio_ins!$D:$D,MATCH('001_population_health_zone_zs'!$B13,[1]ratio_ins!$B:$B,0)) -> 15570.245 | AO13: =INDEX([1]ratio_ins!AL:AL,MATCH('001_population_health_zone_zs'!$B$2,[1]ratio_ins!$B:$B,0))*$G13*INDEX([1]ratio_ins!$D:$D,MATCH('001_population_health_zone_zs'!$B13,[1]ratio_ins!$B:$B,0)) -> 11677.683 | AP13: =INDEX([1]ratio_ins!AM:AM,MATCH('001_population_health_zone_zs'!$B$2,[1]ratio_ins!$B:$B,0))*$G13*INDEX([1]ratio_ins!$D:$D,MATCH('001_population_health_zone_zs'!$B13,[1]ratio_ins!$B:$B,0)) -> 7525.6182 | AQ13: =INDEX([1]ratio_ins!AN:AN,MATCH('001_population_health_zone_zs'!$B$2,[1]ratio_ins!$B:$B,0))*$G13*INDEX([1]ratio_ins!$D:$D,MATCH('001_population_health_zone_zs'!$B13,[1]ratio_ins!$B:$B,0)) -> 5968.5938 | AR13: =INDEX([1]ratio_ins!AO:AO,MATCH('001_population_health_zone_zs'!$B$2,[1]ratio_ins!$B:$B,0))*$G13*INDEX([1]ratio_ins!$D:$D,MATCH('001_population_health_zone_zs'!$B13,[1]ratio_ins!$B:$B,0)) -> 2854.5448 | AS13: =INDEX([1]ratio_ins!AP:AP,MATCH('001_population_health_zone_zs'!$B$2,[1]ratio_ins!$B:$B,0))*$G13*INDEX([1]ratio_ins!$D:$D,MATCH('001_population_health_zone_zs'!$B13,[1]ratio_ins!$B:$B,0)) -> 106189.07 | AT13: =INDEX([1]ratio_ins!AQ:AQ,MATCH('001_population_health_zone_zs'!$B$2,[1]ratio_ins!$B:$B,0))*$G13*INDEX([1]ratio_ins!$D:$D,MATCH('001_population_health_zone_zs'!$B13,[1]ratio_ins!$B:$B,0)) -> 2595.0408 | AU13: =INDEX([1]ratio_ins!AR:AR,MATCH('001_population_health_zone_zs'!$B$2,[1]ratio_ins!$B:$B,0))*$G13*INDEX([1]ratio_ins!$D:$D,MATCH('001_population_health_zone_zs'!$B13,[1]ratio_ins!$B:$B,0)) -> 1557.0245 | AV13: =INDEX([1]ratio_ins!AS:AS,MATCH('001_population_health_zone_zs'!$B$2,[1]ratio_ins!$B:$B,0))*$G13*INDEX([1]ratio_ins!$D:$D,MATCH('001_population_health_zone_zs'!$B13,[1]ratio_ins!$B:$B,0)) -> 778.51223 | AW13: =INDEX([1]ratio_ins!AT:AT,MATCH('001_population_health_zone_zs'!$B$2,[1]ratio_ins!$B:$B,0))*$G13*INDEX([1]ratio_ins!$D:$D,MATCH('001_population_health_zone_zs'!$B13,[1]ratio_ins!$B:$B,0)) -> 519.00815 | AX13: =INDEX([1]ratio_ins!AU:AU,MATCH('001_population_health_zone_zs'!$B$2,[1]ratio_ins!$B:$B,0))*$G13*INDEX([1]ratio_ins!$D:$D,MATCH('001_population_health_zone_zs'!$B13,[1]ratio_ins!$B:$B,0)) -> 5449.5856 | AY13: =AI13+AS13+AX13 -> 259504.08 | AZ13: =AC13+AY13 -> 522141 | BA13: 516100.08 | BB13: =SUM(AH13,AJ13,AK13:AP13) -> 110289.23 | BC13: =BB13/G13 -> 0.211225 | BD13: =SUM(L13,N13:T13) -> 109519.6
... A520: Kasaï | B520: CD92 | C520: Dekese | D520: CD9208 | E520: Dekese | F520: CD9208ZS01 | G520: 138894 | H520: =INDEX([1]ratio_ins!F:F,MATCH('001_population_health_zone_zs'!$B$2,[1]ratio_ins!$B:$B,0))*$G520*INDEX([1]ratio_ins!$C:$C,MATCH('001_population_health_zone_zs'!$B520,[1]ratio_ins!$B:$B,0)) -> 14282.192 | I520: =INDEX([1]ratio_ins!G:G,MATCH('001_population_health_zone_zs'!$B$2,[1]ratio_ins!$B:$B,0))*$G520*INDEX([1]ratio_ins!$C:$C,MATCH('001_population_health_zone_zs'!$B520,[1]ratio_ins!$B:$B,0)) -> 11685.43 | J520: =INDEX([1]ratio_ins!H:H,MATCH('001_population_health_zone_zs'!$B$2,[1]ratio_ins!$B:$B,0))*$G520*INDEX([1]ratio_ins!$C:$C,MATCH('001_population_health_zone_zs'!$B520,[1]ratio_ins!$B:$B,0)) -> 9225.3395 | K520: =INDEX([1]ratio_ins!I:I,MATCH('001_population_health_zone_zs'!$B$2,[1]ratio_ins!$B:$B,0))*$G520*INDEX([1]ratio_ins!$C:$C,MATCH('001_population_health_zone_zs'!$B520,[1]ratio_ins!$B:$B,0)) -> 5671.8754 | L520: =INDEX([1]ratio_ins!J:J,MATCH('001_population_health_zone_zs'!$B$2,[1]ratio_ins!$B:$B,0))*$G520*INDEX([1]ratio_ins!$C:$C,MATCH('001_population_health_zone_zs'!$B520,[1]ratio_ins!$B:$B,0)) -> 3403.1252 | M520: =INDEX([1]ratio_ins!K:K,MATCH('001_population_health_zone_zs'!$B$2,[1]ratio_ins!$B:$B,0))*$G520*INDEX([1]ratio_ins!$C:$C,MATCH('001_population_health_zone_zs'!$B520,[1]ratio_ins!$B:$B,0)) -> 38596.087 | N520: =INDEX([1]ratio_ins!L:L,MATCH('001_population_health_zone_zs'!$B$2,[1]ratio_ins!$B:$B,0))*$G520*INDEX([1]ratio_ins!$C:$C,MATCH('001_population_health_zone_zs'!$B520,[1]ratio_ins!$B:$B,0)) -> 2268.7502 | O520: =INDEX([1]ratio_ins!M:M,MATCH('001_population_health_zone_zs'!$B$2,[1]ratio_ins!$B:$B,0))*$G520*INDEX([1]ratio_ins!$C:$C,MATCH('001_population_health_zone_zs'!$B520,[1]ratio_ins!$B:$B,0)) -> 4920.1811 | P520: =INDEX([1]ratio_ins!N:N,MATCH('001_population_health_zone_zs'!$B$2,[1]ratio_ins!$B:$B,0))*$G520*INDEX([1]ratio_ins!$C:$C,MATCH('001_population_health_zone_zs'!$B520,[1]ratio_ins!$B:$B,0)) -> 4441.8301 | Q520: =INDEX([1]ratio_ins!O:O,MATCH('001_population_health_zone_zs'!$B$2,[1]ratio_ins!$B:$B,0))*$G520*INDEX([1]ratio_ins!$C:$C,MATCH('001_population_health_zone_zs'!$B520,[1]ratio_ins!$B:$B,0)) -> 3963.4792 | R520: =INDEX([1]ratio_ins!P:P,MATCH('001_population_health_zone_zs'!$B$2,[1]ratio_ins!$B:$B,0))*$G520*INDEX([1]ratio_ins!$C:$C,MATCH('001_population_health_zone_zs'!$B520,[1]ratio_ins!$B:$B,0)) -> 3895.1433 | S520: =INDEX([1]ratio_ins!Q:Q,MATCH('001_population_health_zone_zs'!$B$2,[1]ratio_ins!$B:$B,0))*$G520*INDEX([1]ratio_ins!$C:$C,MATCH('001_population_health_zone_zs'!$B520,[1]ratio_ins!$B:$B,0)) -> 3280.1207 | T520: =INDEX([1]ratio_ins!R:R,MATCH('001_population_health_zone_zs'!$B$2,[1]ratio_ins!$B:$B,0))*$G520*INDEX([1]ratio_ins!$C:$C,MATCH('001_population_health_zone_zs'!$B520,[1]ratio_ins!$B:$B,0)) -> 2323.4188 | U520: =INDEX([1]ratio_ins!S:S,MATCH('001_population_health_zone_zs'!$B$2,[1]ratio_ins!$B:$B,0))*$G520*INDEX([1]ratio_ins!$C:$C,MATCH('001_population_health_zone_zs'!$B520,[1]ratio_ins!$B:$B,0)) -> 1845.0679 | V520: =INDEX([1]ratio_ins!T:T,MATCH('001_population_health_zone_zs'!$B$2,[1]ratio_ins!$B:$B,0))*$G520*INDEX([1]ratio_ins!$C:$C,MATCH('001_population_health_zone_zs'!$B520,[1]ratio_ins!$B:$B,0)) -> 1025.0377 | W520: =INDEX([1]ratio_ins!U:U,MATCH('001_population_health_zone_zs'!$B$2,[1]ratio_ins!$B:$B,0))*$G520*INDEX([1]ratio_ins!$C:$C,MATCH('001_population_health_zone_zs'!$B520,[1]ratio_ins!$B:$B,0)) -> 27963.029 | X520: =INDEX([1]ratio_ins!V:V,MATCH('001_population_health_zone_zs'!$B$2,[1]ratio_ins!$B:$B,0))*$G520*INDEX([1]ratio_ins!$C:$C,MATCH('001_population_health_zone_zs'!$B520,[1]ratio_ins!$B:$B,0)) -> 820.03018 | Y520: =INDEX([1]ratio_ins!W:W,MATCH('001_population_health_zone_zs'!$B$2,[1]ratio_ins!$B:$B,0))*$G520*INDEX([1]ratio_ins!$C:$C,MATCH('001_population_health_zone_zs'!$B520,[1]ratio_ins!$B:$B,0)) -> 546.68678 | Z520: =INDEX([1]ratio_ins!X:X,MATCH('001_population_health_zone_zs'!$B$2,[1]ratio_ins!$B:$B,0))*$G520*INDEX([1]ratio_ins!$C:$C,MATCH('001_population_health_zone_zs'!$B520,[1]ratio_ins!$B:$B,0)) -> 273.34339 | AA520: =INDEX([1]ratio_ins!Y:Y,MATCH('001_population_health_zone_zs'!$B$2,[1]ratio_ins!$B:$B,0))*$G520*INDEX([1]ratio_ins!$C:$C,MATCH('001_population_health_zone_zs'!$B520,[1]ratio_ins!$B:$B,0)) -> 136.6717 | AB520: =INDEX([1]ratio_ins!Z:Z,MATCH('001_population_health_zone_zs'!$B$2,[1]ratio_ins!$B:$B,0))*$G520*INDEX([1]ratio_ins!$C:$C,MATCH('001_population_health_zone_zs'!$B520,[1]ratio_ins!$B:$B,0)) -> 1776.732 | AC520: =M520+W520+AB520 -> 68335.848 | AD520: =INDEX([1]ratio_ins!AA:AA,MATCH('001_population_health_zone_zs'!$B$2,[1]ratio_ins!$B:$B,0))*$G520*INDEX([1]ratio_ins!$D:$D,MATCH('001_population_health_zone_zs'!$B520,[1]ratio_ins!$B:$B,0)) -> 14817.212 | AE520: =INDEX([1]ratio_ins!AB:AB,MATCH('001_population_health_zone_zs'!$B$2,[1]ratio_ins!$B:$B,0))*$G520*INDEX([1]ratio_ins!$D:$D,MATCH('001_population_health_zone_zs'!$B520,[1]ratio_ins!$B:$B,0)) -> 12206.56 | AF520: =INDEX([1]ratio_ins!AC:AC,MATCH('001_population_health_zone_zs'!$B$2,[1]ratio_ins!$B:$B,0))*$G520*INDEX([1]ratio_ins!$D:$D,MATCH('001_population_health_zone_zs'!$B520,[1]ratio_ins!$B:$B,0)) -> 9666.4668 | AG520: =INDEX([1]ratio_ins!AD:AD,MATCH('001_population_health_zone_zs'!$B$2,[1]ratio_ins!$B:$B,0))*$G520*INDEX([1]ratio_ins!$D:$D,MATCH('001_population_health_zone_zs'!$B520,[1]ratio_ins!$B:$B,0)) -> 5856.3266 | AH520: =INDEX([1]ratio_ins!AE:AE,MATCH('001_population_health_zone_zs'!$B$2,[1]ratio_ins!$B:$B,0))*$G520*INDEX([1]ratio_ins!$D:$D,MATCH('001_population_health_zone_zs'!$B520,[1]ratio_ins!$B:$B,0)) -> 3513.796 | AI520: =INDEX([1]ratio_ins!AF:AF,MATCH('001_population_health_zone_zs'!$B$2,[1]ratio_ins!$B:$B,0))*$G520*INDEX([1]ratio_ins!$D:$D,MATCH('001_population_health_zone_zs'!$B520,[1]ratio_ins!$B:$B,0)) -> 40204.035 | AJ520: =INDEX([1]ratio_ins!AG:AG,MATCH('001_population_health_zone_zs'!$B$2,[1]ratio_ins!$B:$B,0))*$G520*INDEX([1]ratio_ins!$D:$D,MATCH('001_population_health_zone_zs'!$B520,[1]ratio_ins!$B:$B,0)) -> 2342.5306 | AK520: =INDEX([1]ratio_ins!AH:AH,MATCH('001_population_health_zone_zs'!$B$2,[1]ratio_ins!$B:$B,0))*$G520*INDEX([1]ratio_ins!$D:$D,MATCH('001_population_health_zone_zs'!$B520,[1]ratio_ins!$B:$B,0)) -> 5221.3032 | AL520: =INDEX([1]ratio_ins!AI:AI,MATCH('001_population_health_zone_zs'!$B$2,[1]ratio_ins!$B:$B,0))*$G520*INDEX([1]ratio_ins!$D:$D,MATCH('001_population_health_zone_zs'!$B520,[1]ratio_ins!$B:$B,0)) -> 4939.0706 | AM520: =INDEX([1]ratio_ins!AJ:AJ,MATCH('001_population_health_zone_zs'!$B$2,[1]ratio_ins!$B:$B,0))*$G520*INDEX([1]ratio_ins!$D:$D,MATCH('001_population_health_zone_zs'!$B520,[1]ratio_ins!$B:$B,0)) -> 4515.7217 | AN520: =INDEX([1]ratio_ins!AK:AK,MATCH('001_population_health_zone_zs'!$B$2,[1]ratio_ins!$B:$B,0))*$G520*INDEX([1]ratio_ins!$D:$D,MATCH('001_population_health_zone_zs'!$B520,[1]ratio_ins!$B:$B,0)) -> 4233.4891 | AO520: =INDEX([1]ratio_ins!AL:AL,MATCH('001_population_health_zone_zs'!$B$2,[1]ratio_ins!$B:$B,0))*$G520*INDEX([1]ratio_ins!$D:$D,MATCH('001_population_health_zone_zs'!$B520,[1]ratio_ins!$B:$B,0)) -> 3175.1168 | AP520: =INDEX([1]ratio_ins!AM:AM,MATCH('001_population_health_zone_zs'!$B$2,[1]ratio_ins!$B:$B,0))*$G520*INDEX([1]ratio_ins!$D:$D,MATCH('001_population_health_zone_zs'!$B520,[1]ratio_ins!$B:$B,0)) -> 2046.1864 | AQ520: =INDEX([1]ratio_ins!AN:AN,MATCH('001_population_health_zone_zs'!$B$2,[1]ratio_ins!$B:$B,0))*$G520*INDEX([1]ratio_ins!$D:$D,MATCH('001_population_health_zone_zs'!$B520,[1]ratio_ins!$B:$B,0)) -> 1622.8375 | AR520: =INDEX([1]ratio_ins!AO:AO,MATCH('001_population_health_zone_zs'!$B$2,[1]ratio_ins!$B:$B,0))*$G520*INDEX([1]ratio_ins!$D:$D,MATCH('001_population_health_zone_zs'!$B520,[1]ratio_ins!$B:$B,0)) -> 776.13967 | AS520: =INDEX([1]ratio_ins!AP:AP,MATCH('001_population_health_zone_zs'!$B$2,[1]ratio_ins!$B:$B,0))*$G520*INDEX([1]ratio_ins!$D:$D,MATCH('001_population_health_zone_zs'!$B520,[1]ratio_ins!$B:$B,0)) -> 28872.396 | AT520: =INDEX([1]ratio_ins!AQ:AQ,MATCH('001_population_health_zone_zs'!$B$2,[1]ratio_ins!$B:$B,0))*$G520*INDEX([1]ratio_ins!$D:$D,MATCH('001_population_health_zone_zs'!$B520,[1]ratio_ins!$B:$B,0)) -> 705.58152 | AU520: =INDEX([1]ratio_ins!AR:AR,MATCH('001_population_health_zone_zs'!$B$2,[1]ratio_ins!$B:$B,0))*$G520*INDEX([1]ratio_ins!$D:$D,MATCH('001_population_health_zone_zs'!$B520,[1]ratio_ins!$B:$B,0)) -> 423.34891 | AV520: =INDEX([1]ratio_ins!AS:AS,MATCH('001_population_health_zone_zs'!$B$2,[1]ratio_ins!$B:$B,0))*$G520*INDEX([1]ratio_ins!$D:$D,MATCH('001_population_health_zone_zs'!$B520,[1]ratio_ins!$B:$B,0)) -> 211.67446 | AW520: =INDEX([1]ratio_ins!AT:AT,MATCH('001_population_health_zone_zs'!$B$2,[1]ratio_ins!$B:$B,0))*$G520*INDEX([1]ratio_ins!$D:$D,MATCH('001_population_health_zone_zs'!$B520,[1]ratio_ins!$B:$B,0)) -> 141.1163 | AX520: =INDEX([1]ratio_ins!AU:AU,MATCH('001_population_health_zone_zs'!$B$2,[1]ratio_ins!$B:$B,0))*$G520*INDEX([1]ratio_ins!$D:$D,MATCH('001_population_health_zone_zs'!$B520,[1]ratio_ins!$B:$B,0)) -> 1481.7212 | AY520: =AI520+AS520+AX520 -> 70558.152 | AZ520: =AC520+AY520 -> 138894 | BA520: 133627.96 | BB520: =SUM(AH520,AJ520,AK520:AP520) -> 29987.215 | BC520: =BB520/G520 -> 0.2159 | BD520: =SUM(L520,N520:T520) -> 28496.049
